timestamp,open,high,low,close,volume
1688328000000,1918.898,1919.565,1917.12,1918.105,1.4906
1688342400000,1918.125,1918.905,1914.488,1918.194,2.6551
1688356800000,1918.194,1920.438,1911.995,1912.095,4.9742
1688371200000,1912.115,1914.295,1909.965,1912.445,2.9189
1688385600000,1912.445,1930.935,1911.528,1926.458,10.0959
1688400000000,1926.428,1926.608,1920.525,1921.285,2.0103
1688414400000,1921.285,1921.555,1919.644,1921.155,0.4424
1688428800000,1921.155,1923.435,1919.955,1922.945,2.7512
1688443200000,1922.955,1928.335,1922.675,1927.935,5.333
1688457600000,1927.945,1930.615,1925.675,1928.405,5.1225
1688472000000,1928.405,1930.175,1926.055,1926.915,2.9381
1688486400000,1926.895,1927.085,1923.915,1925.725,1.1851
1688500800000,1925.674,1926.924,1924.148,1926.245,0.8367
1688515200000,1926.245,1927.045,1923.115,1924.285,1.7427
1688529600000,1924.265,1927.584,1920.745,1927.308,2.7569
1688544000000,1927.285,1929.428,1925.045,1927.385,5.2331
1688558400000,1927.408,1934.905,1919.015,1923.074,8.4045
1688572800000,1923.078,1924.665,1915.085,1915.735,3.4196
1688587200000,1915.735,1917.795,1914.244,1916.765,1.2703
1688601600000,1916.765,1919.605,1916.025,1918.098,2.8295
1688616000000,1917.884,1921.405,1916.848,1918.825,4.2727
1688630400000,1918.805,1927.405,1916.108,1926.565,3.5846
1688644800000,1926.565,1927.505,1902.505,1911.314,13.7704
1688659200000,1911.324,1912.238,1908.808,1910.078,2.8569
1688673600000,1910.145,1912.205,1909.408,1911.495,0.5057
1688688000000,1911.545,1912.365,1909.525,1911.085,2.0448
1688702400000,1911.095,1916.365,1910.215,1914.495,3.094
1688716800000,1914.505,1918.198,1913.235,1917.425,2.7485
1688731200000,1917.415,1934.745,1914.195,1927.525,24.3057
1688745600000,1927.515,1929.225,1924.585,1924.585,2.6456
1688760000000,1924.635,1925.448,1923.838,1923.838,0.2431
1688932800000,1923.998,1928.075,1923.598,1924.775,1.379
1688947200000,1924.825,1926.835,1922.435,1923.815,3.2693
1688961600000,1923.795,1925.558,1919.295,1924.758,2.8422
1688976000000,1924.724,1926.135,1922.575,1924.568,2.7657
1688990400000,1924.534,1924.885,1912.585,1923.408,6.9273
1689004800000,1923.408,1926.755,1922.538,1925.608,3.905
1689019200000,1925.624,1925.738,1924.175,1924.735,0.8153
1689033600000,1924.765,1928.905,1924.355,1926.615,2.4478
1689048000000,1926.585,1938.265,1926.345,1932.175,5.1162
1689062400000,1932.175,1938.274,1931.915,1936.245,6.0456
1689076800000,1936.205,1936.445,1929.315,1931,5.1925
1689091200000,1931,1932.755,1929.255,1932.415,1.7789
1689105600000,1932.395,1933.655,1931.485,1933.235,0.7065
1689120000000,1933.235,1940.855,1933.165,1938.385,2.9046
1689134400000,1938.415,1940.155,1933.755,1934.615,2.7208
1689148800000,1934.615,1936.385,1933.435,1934.575,2.2371
1689163200000,1934.575,1958.195,1933.485,1955.538,12.9422
1689177600000,1955.538,1959.595,1955.305,1958.675,2.7888
1689192000000,1958.665,1958.685,1955.724,1957.685,1.553
1689206400000,1957.675,1961.635,1956.225,1960.205,2.5757
1689220800000,1960.215,1963.275,1955.165,1961.705,3.9153
1689235200000,1961.695,1962.635,1957.915,1959.738,2.4968
1689249600000,1959.724,1963.494,1952.245,1954.905,8.9016
1689264000000,1954.875,1960.705,1954.665,1959.925,2.6618
1689278400000,1959.925,1961.668,1959.718,1959.908,1.178
1689292800000,1959.924,1963.585,1958.248,1962.445,2.4363
1689307200000,1962.425,1962.425,1954.265,1956.805,2.9217
1689321600000,1956.785,1959.925,1955.085,1959.088,2.8567
1689336000000,1959.084,1962.584,1950.875,1957.995,8.2969
1689350400000,1957.995,1960.935,1954.235,1954.235,2.9733
1689364800000,1954.255,1955.488,1954.026,1954.748,0.3672
1689537600000,1954.048,1955.694,1951.194,1953.265,1.017
1689552000000,1953.255,1955.865,1950.835,1952.025,2.2471
1689566400000,1952.025,1956.705,1950.485,1952.225,2.6305
1689580800000,1952.215,1959.745,1951.875,1957.468,3.5065
1689595200000,1957.424,1959.294,1945.638,1954.508,7.1983
1689609600000,1954.485,1956.275,1952.335,1955.255,1.7876
1689624000000,1955.205,1956.205,1953.554,1955.355,0.5438
1689638400000,1955.345,1960.505,1954.585,1959.695,3.2183
1689652800000,1959.705,1964.015,1957.705,1961.385,2.9682
1689667200000,1961.415,1971.998,1960.395,1962.884,4.8026
1689681600000,1962.885,1984.195,1960.575,1977.975,15.4089
1689696000000,1977.978,1981.345,1974.895,1977.598,2.6575
1689710400000,1977.535,1979.045,1976.695,1977.395,0.7594
1689724800000,1977.355,1978.385,1974.335,1975.425,2.5389
1689739200000,1975.435,1980.775,1972.915,1977.845,3.3635
1689753600000,1977.845,1979.045,1971.535,1973.605,2.6966
1689768000000,1973.605,1979.738,1969.645,1973.745,6.9064
1689782400000,1973.725,1978.805,1971.975,1978.348,3.422
1689796800000,1978.285,1978.704,1975.435,1977.695,1.1592
1689811200000,1977.635,1987.385,1977.205,1985.055,3.8698
1689825600000,1985.055,1985.328,1977.795,1979.145,3.7083
1689840000000,1979.145,1983.685,1978.095,1981.365,2.7255
1689854400000,1981.355,1981.485,1965.685,1968.575,7.561
1689868800000,1968.565,1971.415,1965.198,1968.675,2.9225
1689883200000,1968.655,1972.745,1968.365,1972.115,0.7701
1689897600000,1972.155,1973.705,1969.825,1970.045,2.7249
1689912000000,1970.025,1972.165,1964.028,1964.178,2.614
1689926400000,1964.178,1966.665,1960.985,1965.605,3.7409
1689940800000,1965.584,1967.968,1956.678,1960.185,6.0838
1689955200000,1960.175,1964.725,1960.045,1962.388,2.324
1689969600000,1962.348,1962.488,1961.378,1961.428,0.2352
1690142400000,1961.498,1962.805,1960.285,1961.028,0.5985
1690156800000,1961.028,1962.555,1959.015,1960.015,2.2078
1690171200000,1959.995,1965.525,1957.735,1963.128,3.0031
1690185600000,1963.114,1967.725,1959.335,1964.828,3.9528
1690200000000,1964.828,1967.585,1956.925,1959.565,7.5884
1690214400000,1959.545,1961.335,1953.335,1954.225,2.2066
1690228800000,1954.215,1955.375,1953.145,1954.345,0.9556
1690243200000,1954.365,1963.405,1953.805,1961.565,4.4038
1690257600000,1961.555,1964.045,1959.635,1961.135,2.616
1690272000000,1961.095,1963.514,1953.105,1960.615,4.3813
1690286400000,1960.585,1965.258,1951.898,1964.175,7.649
1690300800000,1964.145,1965.548,1961.135,1964.415,2.0773
1690315200000,1964.345,1966.125,1963.978,1965.235,1.2227
1690329600000,1965.235,1965.945,1961.945,1963.815,2.7177
1690344000000,1963.835,1971.015,1962.295,1970.468,2.9627
1690358400000,1970.445,1974.058,1969.505,1972.055,2.7581
1690372800000,1972.055,1974.935,1963.785,1972.285,5.8559
1690387200000,1972.255,1978.118,1965.285,1974.715,7.0694
1690401600000,1974.685,1974.695,1970.985,1971.885,1.567
1690416000000,1971.905,1982.085,1971.095,1977.865,3.6047
1690430400000,1977.905,1982.075,1973.918,1979.795,3.3626
1690444800000,1979.785,1981.035,1973.445,1978.975,3.6065
1690459200000,1978.995,1979.035,1942.575,1946.815,9.9452
1690473600000,1946.755,1949.625,1942.525,1944.125,4.2349
1690488000000,1944.105,1947.975,1943.305,1947.385,1.7544
1690502400000,1947.355,1954.825,1945.925,1954.125,4.9839
1690516800000,1954.135,1956.695,1948.098,1949.498,8.0416
1690531200000,1949.498,1957.878,1947.715,1956.458,3.5428
1690545600000,1956.458,1963.298,1952.165,1960.855,10.5859
1690560000000,1960.865,1963.374,1957.375,1958.995,2.9161
1690574400000,1958.995,1959.405,1958.425,1958.465,0.254
1690747200000,1958.608,1960.455,1957.204,1957.875,0.8227
1690761600000,1957.865,1958.785,1953.608,1954.515,2.6242
1690776000000,1954.525,1957.045,1953.035,1954.815,2.8936
1690790400000,1954.835,1960.935,1950.655,1958.955,3.085
1690804800000,1958.935,1972.295,1957.338,1970.558,5.9668
1690819200000,1970.524,1972.155,1964.145,1964.465,2.9145
1690833600000,1964.465,1965.915,1963.755,1963.815,1.0956
1690848000000,1963.778,1964.595,1958.915,1962.055,2.363
1690862400000,1962.035,1962.215,1954.355,1955.445,2.6198
1690876800000,1955.435,1957.565,1953.065,1953.505,3.4915
1690891200000,1953.505,1955.915,1941.345,1944.165,6.0952
1690905600000,1944.165,1945.485,1941.118,1944.335,1.9019
1690920000000,1944.365,1952.755,1943.498,1952.045,2.035
1690934400000,1952.055,1952.295,1946.538,1949.215,2.4446
1690948800000,1949.205,1950.295,1945.165,1948.258,3.1155
1690963200000,1948.224,1954.675,1948.195,1950.635,3.3971
1690977600000,1950.635,1951.815,1932.885,1935.465,7.1221
1690992000000,1935.455,1938.994,1934.935,1935.175,1.9441
1691006400000,1935.165,1936.815,1933.605,1935.965,1.0131
1691020800000,1935.975,1938.815,1933.795,1937.215,2.6025
1691035200000,1937.115,1938.145,1930.845,1936.815,3.9394
1691049600000,1936.795,1938.315,1932.785,1934.985,2.6455
1691064000000,1934.955,1938.655,1929.425,1933.015,8.4122
1691078400000,1933.005,1935.875,1932.415,1934.175,1.6565
1691092800000,1934.195,1936.898,1933.644,1935.745,1.0703
1691107200000,1935.745,1937.925,1934.228,1935.105,2.145
1691121600000,1935.125,1937.345,1932.035,1932.805,2.3306
1691136000000,1932.785,1934.135,1931.135,1932.185,2.5486
1691150400000,1932.205,1946.798,1924.898,1942.605,9.7454
1691164800000,1942.575,1943.385,1939.745,1941.218,1.6594
1691179200000,1941.218,1943.098,1940.925,1942.568,0.3282
1691352000000,1942.098,1946.605,1941.348,1943.785,1.0163
1691366400000,1943.785,1945.215,1938.104,1939.255,2.0806
1691380800000,1939.225,1939.385,1935.415,1936.725,2.2021
1691395200000,1936.705,1937.535,1933.278,1936.115,1.921
1691409600000,1936.135,1941.605,1931.365,1932.425,4.6431
1691424000000,1932.415,1937.518,1932.025,1936.605,2.0707
1691438400000,1936.615,1937.945,1935.525,1936.605,1.2162
1691452800000,1936.615,1937.255,1931.075,1933.015,3.4464
1691467200000,1933.005,1934.785,1930.165,1930.355,2.5229
1691481600000,1930.435,1935.575,1928.035,1928.755,2.9047
1691496000000,1928.785,1931.955,1922.655,1925.685,5.9397
1691510400000,1925.685,1928.365,1923.525,1924.785,1.9316
1691524800000,1924.735,1925.635,1924.465,1925.408,0.7479
1691539200000,1925.405,1930.765,1924.135,1930.005,2.3886
1691553600000,1930.035,1932.255,1928.468,1930.465,2.1483
1691568000000,1930.485,1930.665,1923.185,1924.425,1.7632
1691582400000,1924.415,1927.505,1915.455,1916.625,4.6815
1691596800000,1916.635,1918.075,1915.325,1915.465,1.5522
1691611200000,1915.415,1916.875,1913.505,1916.535,1.1072
1691625600000,1916.565,1919.095,1915.188,1918.595,1.9415
1691640000000,1918.595,1920.525,1915.445,1919.255,2.1031
1691654400000,1919.235,1922.615,1918.565,1921.795,1.7791
1691668800000,1921.775,1929.995,1912.738,1919.905,8.5332
1691683200000,1919.915,1921.615,1912.805,1913.265,2.6242
1691697600000,1913.235,1913.565,1910.694,1912.315,1.1464
1691712000000,1912.285,1915.885,1911.815,1914.555,1.7791
1691726400000,1914.555,1917.935,1912.535,1917.795,1.9527
1691740800000,1917.775,1919.745,1916.035,1918.854,1.6586
1691755200000,1918.854,1920.815,1912.775,1913.965,7.3984
1691769600000,1913.965,1915.405,1912.095,1913.448,1.5737
1691784000000,1913.448,1913.835,1912.744,1913.378,0.2622
1691956800000,1912.255,1915.105,1911.915,1913.565,0.8552
1691971200000,1913.575,1913.655,1909.944,1912.665,1.9627
1691985600000,1912.645,1915.894,1910.458,1914.375,1.9204
1692000000000,1914.445,1916.135,1912.068,1913.875,1.6568
1692014400000,1913.805,1913.915,1902.595,1910.585,5.0706
1692028800000,1910.555,1913.125,1907.155,1907.515,1.9603
1692043200000,1907.445,1908.005,1904.885,1907.505,1.0638
1692057600000,1907.475,1908.145,1903.595,1907.085,3.0055
1692072000000,1907.055,1907.405,1903.415,1904.865,2.1635
1692086400000,1904.845,1905.055,1901.855,1904.135,3.048
1692100800000,1904.165,1911.525,1896.215,1906.795,8.4676
1692115200000,1906.775,1907.305,1902.315,1902.585,4.1871
1692129600000,1902.595,1903.495,1900.085,1901.345,1.2031
1692144000000,1901.365,1905.185,1900.385,1903.995,2.6041
1692158400000,1903.985,1906.435,1902.688,1904.505,2.7525
1692172800000,1904.505,1907.095,1903.025,1903.035,1.6416
1692187200000,1903.015,1906.385,1899.065,1901.815,6.4831
1692201600000,1901.805,1902.495,1891.745,1892.145,3.9988
1692216000000,1892.165,1894.865,1891.148,1893.165,2.1577
1692230400000,1893.165,1893.785,1889.545,1892.665,4.1742
1692244800000,1892.625,1897.505,1892.015,1896.365,2.2474
1692259200000,1896.345,1899.465,1893.494,1898.735,2.3622
1692273600000,1898.715,1903.375,1889.055,1889.385,6.443
1692288000000,1889.425,1891.105,1884.925,1888.895,2.4843
1692302400000,1888.928,1891.575,1888.238,1891.195,0.9155
1692316800000,1891.215,1895.065,1890.625,1892.615,2.1581
1692331200000,1892.655,1894.015,1891.045,1892.475,2.007
1692345600000,1892.478,1895.455,1891.228,1893.695,1.8639
1692360000000,1893.735,1896.678,1888.555,1891.205,5.2736
1692374400000,1891.205,1891.865,1886.675,1889.185,1.8574
1692388800000,1889.165,1889.785,1888.198,1889.258,0.4254
1692561600000,1889.335,1890.755,1888.685,1889.955,1.2846
1692576000000,1889.955,1893.605,1884.755,1891.505,2.4575
1692590400000,1891.565,1894.015,1887.315,1888.045,2.3788
1692604800000,1888.035,1893.025,1886.715,1892.945,2.008
1692619200000,1892.935,1898.665,1885.155,1889.085,5.2793
1692633600000,1889.105,1895.285,1888.968,1894.158,2.33
1692648000000,1894.158,1895.848,1894.095,1894.655,0.7081
1692662400000,1894.655,1897.195,1893.585,1896.025,2.577
1692676800000,1896.025,1901.805,1893.755,1901.395,2.1247
1692691200000,1901.405,1904.405,1898.285,1902.105,2.429
1692705600000,1902.085,1903.335,1889.018,1897.725,5.4419
1692720000000,1897.775,1898.845,1896.315,1897.515,1.3325
1692734400000,1897.515,1898.555,1896.955,1898.475,0.419
1692748800000,1898.475,1902.955,1898.385,1901.505,1.8913
1692763200000,1901.515,1904.635,1900.635,1903.535,2.3842
1692777600000,1903.515,1905.358,1901.185,1903.215,2.7603
1692792000000,1903.195,1918.805,1902.555,1918.215,6.3534
1692806400000,1918.225,1920.275,1916.198,1916.678,2.3076
1692820800000,1916.678,1917.985,1914.295,1917.805,1.3907
1692835200000,1917.815,1921.535,1917.265,1920.778,1.9425
1692849600000,1920.745,1922.805,1919.415,1919.445,2.8313
1692864000000,1919.465,1921.945,1916.335,1916.535,1.5828
1692878400000,1916.565,1923.225,1911.655,1920.935,5.2016
1692892800000,1920.925,1921.298,1916.595,1916.665,2.2855
1692907200000,1916.715,1917.435,1915.495,1915.805,0.6774
1692921600000,1915.775,1917.485,1913.045,1913.355,1.9286
1692936000000,1913.375,1916.075,1912.695,1914.125,2.187
1692950400000,1914.125,1918.375,1913.195,1918.275,2.0469
1692964800000,1918.275,1922.265,1903.705,1907.705,7.0774
1692979200000,1907.745,1914.588,1907.515,1914.285,2.5582
1692993600000,1914.275,1915.135,1913.178,1914.778,0.2828
1693166400000,1915.548,1916.148,1914.165,1914.905,1.0583
1693180800000,1914.895,1917.385,1914.458,1916.235,3.1344
1693195200000,1916.235,1917.608,1914.195,1914.385,2.0389
1693209600000,1914.385,1915.585,1913.378,1914.715,2.8833
1693224000000,1914.715,1925.955,1912.675,1924.638,4.0922
1693238400000,1924.584,1925.175,1916.765,1919.625,2.1293
1693252800000,1919.625,1921.625,1918.375,1921.155,0.515
1693267200000,1921.185,1925.745,1920.955,1925.335,1.8502
1693281600000,1925.335,1925.535,1921.535,1923.165,1.8641
1693296000000,1923.165,1924.405,1916.615,1917.065,2.2061
1693310400000,1917.078,1937.555,1914.355,1936.615,7.1374
1693324800000,1936.635,1938.095,1933.965,1937.985,2.8255
1693339200000,1937.965,1937.965,1935.895,1936.125,0.787
1693353600000,1936.065,1937.425,1935.228,1936.705,2.6833
1693368000000,1936.715,1936.958,1934.838,1936.445,2.0028
1693382400000,1936.465,1939.565,1935.365,1938.985,2.3093
1693396800000,1938.975,1948.965,1938.645,1944.785,11.3771
1693411200000,1944.774,1945.535,1942.728,1943.325,1.8235
1693425600000,1943.335,1945.348,1941.855,1944.145,1.674
1693440000000,1944.245,1947.665,1944.095,1945.075,2.2671
1693454400000,1945.055,1946.195,1943.155,1944.975,2.7135
1693468800000,1944.905,1945.838,1943.565,1945.555,3.0171
1693483200000,1945.535,1947.825,1938.864,1940.535,6.7876
1693497600000,1940.555,1942.358,1939.005,1939.995,1.658
1693512000000,1939.975,1940.465,1938.875,1939.805,0.8063
1693526400000,1939.815,1944.005,1938.625,1938.825,2.3129
1693540800000,1938.815,1943.435,1938.105,1943.025,1.6481
1693555200000,1943.005,1945.785,1941.795,1944.365,2.1113
1693569600000,1944.348,1952.905,1934.355,1938.755,19.2761
1693584000000,1938.735,1941.425,1937.235,1940.445,1.3586
1693598400000,1940.495,1940.598,1939.238,1939.238,0.4888
1693771200000,1939.948,1940.985,1939.274,1940.428,0.9203
1693785600000,1940.425,1946.025,1939.958,1944.855,1.8208
1693800000000,1944.865,1946.185,1942.964,1943.708,1.8594
1693814400000,1943.708,1944.395,1939.775,1941.555,3.9872
1693828800000,1941.545,1941.635,1936.675,1938.595,3.4693
1693843200000,1938.555,1938.825,1937.875,1938.225,0.3059
1693857600000,1937.798,1938.715,1937.435,1937.515,0.4309
1693872000000,1937.515,1938.595,1934.845,1936.905,2.2568
1693886400000,1936.915,1938.905,1935.035,1935.465,1.8397
1693900800000,1935.445,1935.585,1930,1930.405,2.1642
1693915200000,1930.385,1934.645,1925.205,1925.958,6.3143
1693929600000,1925.958,1927.865,1925.375,1925.745,1.287
1693944000000,1925.745,1926.835,1925.285,1926.525,0.4791
1693958400000,1926.535,1926.675,1924.098,1926.465,1.6957
1693972800000,1926.485,1928.375,1922.755,1922.855,2.0344
1693987200000,1922.875,1927.635,1922.6,1925.305,2.2078
1694001600000,1925.315,1929.055,1915.175,1916.675,6.7228
1694016000000,1916.695,1920.605,1915.898,1916.615,1.7004
1694030400000,1916.625,1918.105,1915.835,1917.055,1.1595
1694044800000,1917.025,1920.615,1916.188,1920.065,2.1219
1694059200000,1920.045,1920.175,1916.998,1918.228,1.8497
1694073600000,1918.228,1922.125,1917.275,1921.745,2.5737
1694088000000,1921.755,1923.495,1916.095,1920.875,15.1349
1694102400000,1920.855,1921.398,1917.358,1918.645,1.5567
1694116800000,1918.705,1920.214,1918.668,1920.128,0.7291
1694131200000,1920.095,1927.135,1919.908,1924.885,2.0608
1694145600000,1924.905,1927.155,1923.785,1924.015,1.5553
1694160000000,1924.025,1925.785,1922.485,1922.885,1.501
1694174400000,1922.905,1929.595,1919.058,1919.485,4.6795
1694188800000,1919.495,1920.548,1917.225,1919.115,2.4825
1694203200000,1919.115,1919.275,1918.258,1918.258,0.1641
1694376000000,1919.865,1920.574,1916.584,1918.785,1.1144
1694390400000,1918.785,1924.055,1918.295,1923.255,2.014
1694404800000,1923.235,1930.558,1922.875,1926.355,2.8185
1694419200000,1926.335,1927.925,1924.528,1925.105,1.3635
1694433600000,1925.135,1930.015,1921.295,1922.935,4.6479
1694448000000,1923.005,1925.045,1921.375,1922.645,0.837
1694462400000,1922.625,1923.238,1921.088,1921.545,0.6626
1694476800000,1921.545,1924.235,1920.245,1923.645,2.6933
1694491200000,1923.595,1924.395,1918.678,1918.878,1.941
1694505600000,1918.918,1921.275,1910.974,1912.875,2.3365
1694520000000,1912.855,1914.645,1907.478,1912.395,5.5429
1694534400000,1912.475,1914.955,1911.615,1912.925,0.8961
1694548800000,1912.905,1913.665,1911.508,1912.795,0.5842
1694563200000,1912.785,1913.745,1908.078,1909.548,1.9404
1694577600000,1909.535,1912.575,1908.115,1911.925,2.1625
1694592000000,1911.905,1912.978,1910.685,1912.215,1.0646
1694606400000,1912.235,1915.655,1905.555,1910.355,10.0837
1694620800000,1910.345,1911.585,1908.095,1908.705,1.5264
1694635200000,1908.725,1909.695,1907.335,1909.155,1.2764
1694649600000,1909.155,1912.825,1908.645,1909.635,3.9158
1694664000000,1909.645,1910.945,1905.028,1905.795,3.4005
1694678400000,1905.785,1909.035,1905.425,1907.398,1.8029
1694692800000,1907.418,1911.275,1900.898,1907.885,13.5253
1694707200000,1907.895,1911.958,1907.885,1909.345,2.4595
1694721600000,1909.318,1911.035,1909.115,1909.745,0.6699
1694736000000,1909.765,1915.915,1909.725,1915.565,2.4305
1694750400000,1915.565,1919.485,1914.845,1917.948,4.2155
1694764800000,1917.948,1919.855,1916.645,1919.165,2.083
1694779200000,1919.185,1930.308,1915.905,1926.325,7.1838
1694793600000,1926.355,1927.748,1922.268,1922.375,1.7949
1694808000000,1922.365,1923.795,1922.295,1922.738,0.4628
1694980800000,1923.408,1924.364,1922.378,1923.175,1.0633
1694995200000,1923.185,1929.385,1923.145,1928.698,2.8989
1695009600000,1928.698,1930.575,1926.375,1926.395,3.0796
1695024000000,1926.375,1928.115,1925.035,1926.705,1.2797
1695038400000,1926.735,1929.325,1922.678,1928.875,3.7501
1695052800000,1928.955,1933.498,1927.554,1933.225,1.7701
1695067200000,1933.155,1934.425,1932.975,1934.055,0.9269
1695081600000,1934.065,1934.505,1931.595,1932.138,1.4484
1695096000000,1932.138,1934.715,1929.684,1934.375,1.9707
1695110400000,1934.365,1936.705,1933.375,1935.185,1.1677
1695124800000,1935.165,1937.275,1930.938,1933.005,3.8876
1695139200000,1933.015,1933.655,1929.675,1931.925,1.2453
1695153600000,1931.925,1932.245,1930.785,1931.315,0.8275
1695168000000,1931.305,1931.485,1928.395,1930.515,1.2361
1695182400000,1930.535,1932.245,1927.855,1928.665,1.6093
1695196800000,1928.645,1932.615,1928.625,1931.975,1.3683
1695211200000,1931.954,1945.744,1930.845,1941.728,5.7475
1695225600000,1941.728,1947.315,1932.805,1932.955,7.2601
1695240000000,1932.965,1933.585,1929.048,1929.308,1.8624
1695254400000,1929.278,1929.605,1924.085,1928.188,2.1579
1695268800000,1928.165,1930.425,1926.245,1927.055,1.3096
1695283200000,1927.065,1927.325,1920.145,1920.675,2.0785
1695297600000,1920.655,1923.695,1913.808,1917.375,6.0082
1695312000000,1917.385,1921.175,1916.245,1919.675,1.9068
1695326400000,1919.665,1921.455,1919.035,1921.295,0.6979
1695340800000,1921.315,1925.415,1921.145,1923.755,1.5964
1695355200000,1923.755,1928.595,1923.325,1927.915,2.0559
1695369600000,1927.905,1927.905,1924.215,1925.358,1.5394
1695384000000,1925.364,1929.015,1924.055,1927.615,3.5906
1695398400000,1927.605,1928.465,1924.245,1925.375,1.2993
1695412800000,1925.335,1925.465,1924.528,1924.818,0.2324
1695585600000,1924.335,1926.324,1924.315,1924.665,0.9321
1695600000000,1924.665,1925.235,1922.565,1923.575,0.9676
1695614400000,1923.555,1927.115,1920.765,1923.365,1.2306
1695628800000,1923.375,1924.915,1920.808,1923.985,2.0972
1695643200000,1923.955,1926.745,1915.045,1917.375,5.5646
1695657600000,1917.375,1918.175,1915.115,1915.445,4.6778
1695672000000,1915.435,1916.715,1915.385,1916.165,1.0837
1695686400000,1916.145,1916.405,1912.935,1913.565,2.1071
1695700800000,1913.505,1915.075,1909.575,1913.555,1.3412
1695715200000,1913.595,1915.565,1910.438,1911.485,1.5438
1695729600000,1911.485,1912.755,1900.695,1902.295,5.362
1695744000000,1902.315,1903.525,1899.005,1900.465,1.9211
1695758400000,1900.485,1901.995,1900.078,1901.465,0.5802
1695772800000,1901.455,1903.825,1899.405,1899.825,1.5233
1695787200000,1899.795,1899.795,1895.535,1896.625,1.7286
1695801600000,1896.605,1897.755,1892.415,1892.778,1.8275
1695816000000,1892.768,1892.978,1879.655,1881.385,7.5054
1695830400000,1881.405,1881.485,1872.445,1876.595,4.3124
1695844800000,1876.605,1877.595,1874.338,1877.505,1.0672
1695859200000,1877.515,1877.825,1873.475,1874.585,1.7866
1695873600000,1874.585,1878.145,1873.605,1875.655,2.518
1695888000000,1875.685,1877.135,1873.565,1875.955,2.0283
1695902400000,1875.995,1879.485,1857.565,1864.695,11.6646
1695916800000,1864.665,1867.265,1860.845,1867.085,2.339
1695931200000,1867.075,1867.215,1863.645,1866.645,1.2769
1695945600000,1866.635,1867.175,1862.875,1863.225,1.3111
1695960000000,1863.175,1873.895,1863.015,1873.465,2.0484
1695974400000,1873.445,1873.665,1867.465,1869.328,2.104
1695988800000,1869.328,1879.765,1852.165,1854.715,7.2675
1696003200000,1854.725,1856.375,1846.205,1848.145,2.9129
1696017600000,1848.035,1849.728,1847.635,1848.098,0.4845
1696190400000,1847.268,1848.645,1845.595,1848.285,0.9538
1696204800000,1848.295,1848.835,1842.785,1843.375,1.1381
1696219200000,1843.365,1846.175,1839.145,1839.705,1.8591
1696233600000,1839.685,1843.115,1831.014,1837.245,3.2406
1696248000000,1837.235,1840.528,1827.065,1832.545,7.4733
1696262400000,1832.555,1833.495,1829.175,1829.305,2.4594
1696276800000,1829.215,1829.605,1820.405,1824.845,1.2334
1696291200000,1824.818,1825.155,1815.245,1820.378,2.194
1696305600000,1820.448,1824.505,1818.115,1823.975,2.6738
1696320000000,1823.945,1829.065,1823.605,1825.885,2.7507
1696334400000,1825.895,1833.205,1819.145,1824.738,8.5345
1696348800000,1824.738,1828.025,1821.825,1823.865,4.1958
1696363200000,1823.795,1824.965,1822.018,1823.255,1.0982
1696377600000,1823.225,1824.945,1819.495,1820.645,1.8907
1696392000000,1820.655,1823.705,1816.635,1823.015,2.4155
1696406400000,1822.985,1827.095,1820.118,1824.885,3.1273
1696420800000,1824.918,1830.455,1816.975,1823.745,8.2051
1696435200000,1823.835,1823.935,1816.475,1823.198,2.7872
1696449600000,1823.198,1823.955,1820.335,1822.425,0.7916
1696464000000,1822.445,1828.595,1821.625,1828.265,1.9806
1696478400000,1828.265,1829.105,1819.805,1820.675,2.0236
1696492800000,1820.695,1823.845,1819.565,1822.935,2.6071
1696507200000,1822.925,1823.805,1812.924,1815.445,7.3467
1696521600000,1815.445,1820.775,1814.755,1820.265,2.1539
1696536000000,1820.305,1822.998,1819.395,1821.138,0.6628
1696550400000,1821.125,1824.375,1819.595,1823.925,1.3717
1696564800000,1823.915,1824.475,1818.525,1821.275,1.6033
1696579200000,1821.295,1825.025,1819.195,1821.175,2.2165
1696593600000,1821.155,1834.725,1810.288,1832.485,11.3109
1696608000000,1832.515,1833.845,1828.725,1829.335,2.8465
1696622400000,1829.335,1832.835,1828.855,1832.698,0.3359
1696795200000,1847.405,1855.435,1845.235,1847.865,4.7501
1696809600000,1847.895,1852.715,1846.098,1851.005,2.856
1696824000000,1851.045,1854.278,1847.905,1850.318,2.5899
1696838400000,1850.255,1852.255,1848.885,1849.935,1.6098
1696852800000,1849.965,1853.135,1844.135,1851.495,4.5771
1696867200000,1851.525,1863.395,1848.585,1863.148,2.2062
1696881600000,1863.148,1863.148,1860.195,1862.418,1.0367
1696896000000,1862.405,1865.315,1861.295,1862.385,2.5094
1696910400000,1862.385,1862.425,1855.075,1857.275,2.5509
1696924800000,1857.285,1859.725,1854.765,1857.075,2.4588
1696939200000,1857.105,1862.205,1852.888,1861.205,5.2622
1696953600000,1861.215,1862.665,1858.015,1860.055,3.2461
1696968000000,1860.035,1860.755,1859.185,1859.495,0.771
1696982400000,1859.498,1862.025,1859.358,1860.005,1.8516
1696996800000,1860.005,1868.105,1858.535,1867.875,2.9927
1697011200000,1867.865,1874.675,1866.815,1870.895,3.9771
1697025600000,1870.955,1874.945,1867.118,1872.955,6.1283
1697040000000,1872.945,1877.105,1870.725,1873.468,4.6172
1697054400000,1873.468,1875.705,1873.298,1875.195,0.8842
1697068800000,1875.215,1878.675,1874.355,1877.565,1.932
1697083200000,1877.585,1882.575,1876.685,1878.765,2.2297
1697097600000,1878.755,1884.385,1878.555,1883.455,4.1326
1697112000000,1883.485,1884.885,1870.505,1872.225,7.803
1697126400000,1872.265,1873.595,1867.825,1868.275,2.9755
1697140800000,1868.275,1871.155,1868.245,1870.505,0.6993
1697155200000,1870.515,1873.915,1870.045,1873.565,2.6903
1697169600000,1873.555,1883.025,1873.475,1882.075,3.4983
1697184000000,1882.045,1899.778,1881.915,1896.298,5.4076
1697198400000,1896.295,1923.015,1896.285,1922.885,10.9227
1697212800000,1922.864,1930.638,1922.315,1928.275,4.5394
1697227200000,1928.375,1932.875,1927.005,1932.738,0.5499
1697400000000,1927.998,1929.355,1921.034,1925.765,2.5339
1697414400000,1925.775,1925.845,1917.955,1919.975,3.7628
1697428800000,1919.985,1920.385,1908.085,1911.365,2.9044
1697443200000,1911.365,1918.255,1909.865,1915.535,3.9178
1697457600000,1915.515,1924.428,1914.365,1921.405,6.5222
1697472000000,1921.435,1922.705,1917.775,1918.885,1.7042
1697486400000,1918.885,1921.725,1918.635,1919.355,0.8298
1697500800000,1919.355,1919.935,1912.315,1916.775,2.3064
1697515200000,1916.775,1921.235,1914.145,1919.995,1.8887
1697529600000,1919.955,1926.518,1918.545,1923.965,2.6754
1697544000000,1923.875,1931.414,1918.915,1926.718,13.3696
1697558400000,1926.718,1926.718,1919.035,1922.545,2.1579
1697572800000,1922.565,1925.385,1922.038,1924.548,0.6996
1697587200000,1924.565,1942.645,1923.678,1937.395,3.6832
1697601600000,1937.365,1940.045,1934.958,1939.585,2.9353
1697616000000,1939.545,1947.365,1937.115,1946.038,3.442
1697630400000,1946.034,1962.545,1938.125,1945.125,8.6059
1697644800000,1945.105,1956.505,1944.575,1950.278,4.0911
1697659200000,1950.345,1951.615,1946.625,1950.745,1.1447
1697673600000,1950.775,1953.215,1945.125,1946.275,2.1483
1697688000000,1946.265,1952.658,1945.205,1949.365,3.6177
1697702400000,1949.345,1954.395,1947.775,1952.095,2.6935
1697716800000,1952.095,1959.805,1949.685,1956.075,7.3919
1697731200000,1956.095,1977.575,1951.985,1974.235,8.4333
1697745600000,1974.365,1982.205,1972.358,1977.035,2.2426
1697760000000,1977.038,1981.828,1971.905,1977.725,4.5426
1697774400000,1977.705,1982.065,1974.045,1980.055,2.7361
1697788800000,1980.095,1985.795,1976.268,1977.165,3.3926
1697803200000,1977.175,1997.135,1973.185,1991.495,8.3755
1697817600000,1991.515,1992.405,1974.255,1979.595,5.8412
1697832000000,1979.565,1981.755,1978.835,1980.648,0.4332
1698004800000,1967.114,1978.535,1964.865,1971.445,1.2434
1698019200000,1971.445,1974.665,1964.275,1973.558,4.0012
1698033600000,1973.558,1979.675,1972.665,1979.395,2.6871
1698048000000,1979.375,1982.725,1975.148,1979.275,3.1953
1698062400000,1979.275,1981.865,1970.025,1975.265,7.0044
1698076800000,1975.295,1979.225,1971.075,1973.145,3.0332
1698091200000,1973.145,1973.715,1971.285,1973.455,0.6943
1698105600000,1973.465,1980.735,1972.365,1976.835,2.5639
1698120000000,1976.805,1979.105,1974.385,1975.225,2.7366
1698134400000,1975.265,1975.845,1953.404,1963.558,4.8284
1698148800000,1963.515,1969.938,1958.855,1969.628,6.9199
1698163200000,1969.624,1977.485,1968.795,1972.595,3.2557
1698177600000,1972.605,1973.305,1969.845,1972.725,0.6896
1698192000000,1972.745,1976.905,1970.805,1973.155,2.7161
1698206400000,1973.135,1975.865,1968.195,1971.085,2.888
1698220800000,1971.105,1976.375,1969.358,1974.605,3.723
1698235200000,1974.685,1987.115,1962.854,1981.095,8.8419
1698249600000,1981.105,1985.525,1976.435,1980.715,4.0946
1698264000000,1980.725,1984.055,1977.535,1982.895,1.499
1698278400000,1982.875,1987.235,1982.315,1987.105,2.6509
1698292800000,1987.135,1990.045,1983.895,1990.025,3.6786
1698307200000,1990.025,1993.385,1982.364,1984.525,3.1603
1698321600000,1984.545,1986.625,1971.655,1980.105,8.9441
1698336000000,1980.098,1989.165,1979.625,1984.255,3.5205
1698350400000,1984.225,1986.665,1983.268,1984.345,1.1337
1698364800000,1984.345,1988.745,1982.795,1987.785,2.4741
1698379200000,1987.895,1989.835,1985.658,1987.275,3.5225
1698393600000,1987.255,1987.815,1979.855,1981.765,2.2477
1698408000000,1981.765,1986.085,1976.755,1979.845,7.2148
1698422400000,1979.825,2009.395,1979.095,2007,6.0742
1698436800000,2007,2007.048,2004.228,2005.648,0.7631
1698609600000,2004.135,2006.648,1996.814,2002.695,3.1086
1698624000000,2002.725,2006.685,2001.365,2001.935,2.3167
1698638400000,2001.935,2002.645,1993.275,1993.565,3.1315
1698652800000,1993.665,1997.305,1990.835,1995.685,3.9669
1698667200000,1995.705,2002.435,1991.828,1999.018,11.8781
1698681600000,1998.998,2000.585,1994.615,1995.825,3.0436
1698696000000,1995.785,1996.535,1993.915,1995.445,0.8764
1698710400000,1995.338,1997.205,1991.585,1992.055,3.2832
1698724800000,1992.075,1997.495,1990.475,1996.145,2.362
1698739200000,1996.195,2000.305,1994.914,1999.825,3.9071
1698753600000,1999.785,2007.734,1992.235,1994.145,9.7418
1698768000000,1994.145,1994.705,1978.735,1984.748,4.4947
1698782400000,1984.708,1986.065,1982.778,1983.625,1.3662
1698796800000,1983.625,1983.955,1976.855,1977.015,1.8921
1698811200000,1977.015,1980.955,1975.058,1977.005,2.477
1698825600000,1977.035,1985.125,1976.985,1983.355,2.0417
1698840000000,1983.325,1991.898,1978.178,1979.125,9.3666
1698854400000,1979.145,1982.308,1969.815,1978.428,7.0399
1698868800000,1978.405,1985.635,1976.958,1985.025,1.6641
1698883200000,1984.995,1988.048,1983.275,1985.315,1.9906
1698897600000,1985.325,1986.575,1983.585,1985.365,1.8586
1698912000000,1985.355,1990.335,1984.368,1988.365,3.1159
1698926400000,1988.365,1990.935,1978.775,1981.035,7.0556
1698940800000,1981.055,1986.528,1978.885,1985.345,2.6269
1698955200000,1985.295,1986.445,1984.275,1984.885,0.7309
1698969600000,1984.895,1987.775,1983.155,1985.745,2.113
1698984000000,1985.725,1989.155,1984.384,1986.378,1.9127
1698998400000,1986.358,1990.175,1986.008,1987.545,4.6019
1699012800000,1987.565,2003.968,1985.494,1991.635,11.5152
1699027200000,1991.725,1995.045,1989.195,1992.575,2.5784
1699041600000,1992.585,1992.875,1991.895,1992.058,0.2764
1699214400000,1991.698,1992.748,1987.075,1988.415,0.6703
1699228800000,1988.405,1992.955,1981.845,1985.105,2.1179
1699243200000,1985.085,1985.295,1982.185,1983.355,1.8752
1699257600000,1983.355,1988.255,1982.685,1987.635,2.1198
1699272000000,1987.615,1988.995,1980.995,1981.025,4.0611
1699286400000,1981.035,1984.385,1979.145,1980.255,2.1525
1699300800000,1980.208,1980.235,1975.725,1976.665,1.0297
1699315200000,1976.705,1976.985,1972.118,1972.515,2.3081
1699329600000,1972.485,1974.185,1967.115,1969.255,2.2544
1699344000000,1969.225,1970.155,1962.565,1963.825,2.883
1699358400000,1963.825,1967.135,1956.598,1963.248,6.1223
1699372800000,1963.278,1969.738,1961.705,1967.288,4.8611
1699387200000,1967.255,1969.428,1966.808,1968.808,1.6695
1699401600000,1968.798,1970.955,1967.155,1967.705,2.9479
1699416000000,1967.695,1969.055,1964.885,1967.585,1.9929
1699430400000,1967.535,1968.915,1959.485,1964.395,2.7322
1699444800000,1964.365,1966.555,1950.898,1955.335,5.0657
1699459200000,1955.355,1957.855,1947.425,1948.095,3.1452
1699473600000,1948.095,1951.765,1947.325,1950.805,1.3302
1699488000000,1950.785,1954.505,1947.735,1949.195,1.987
1699502400000,1949.185,1950.425,1947.935,1949.255,1.804
1699516800000,1949.205,1949.625,1944.575,1948.688,3.092
1699531200000,1948.688,1964.795,1944.725,1962.885,6.154
1699545600000,1962.804,1965.498,1956.075,1958.325,6.0959
1699560000000,1958.355,1960.025,1956.845,1959.055,1.7747
1699574400000,1959.055,1960.695,1956.365,1959.375,2.5124
1699588800000,1959.355,1959.445,1953.595,1955.275,1.6172
1699603200000,1955.295,1957.075,1947.085,1948.155,2.3844
1699617600000,1948.155,1949.038,1939.645,1941.955,7.0117
1699632000000,1941.985,1943.335,1932.865,1935.268,2.6663
1699646400000,1935.235,1938.748,1934.405,1938.148,0.7802
1699819200000,1938.165,1940.935,1933.845,1940.248,0.7207
1699833600000,1940.205,1941.748,1933.895,1935.185,3.5489
1699848000000,1935.175,1941.145,1934.145,1938.685,2.5555
1699862400000,1938.685,1940.385,1935.835,1937.915,2.6067
1699876800000,1937.835,1938.775,1931.515,1938.345,5.0524
1699891200000,1938.355,1949.115,1938.105,1946.078,3.758
1699905600000,1946.035,1946.728,1945.028,1946.445,1.1619
1699920000000,1946.455,1948.258,1944.315,1944.715,1.6047
1699934400000,1944.625,1946.435,1943.675,1945.505,1.1821
1699948800000,1945.485,1948.075,1944.235,1945.835,2.014
1699963200000,1945.875,1970.835,1937.978,1964.315,10.3714
1699977600000,1964.325,1966.495,1961.545,1963.635,2.9413
1699992000000,1963.665,1964.415,1962.015,1962.375,1.053
1700006400000,1962.415,1966.925,1961.515,1966.718,3.3119
1700020800000,1966.705,1970.925,1965.825,1970.235,2.5167
1700035200000,1970.395,1974.005,1969.715,1972.905,2.9855
1700049600000,1972.895,1975.148,1955.325,1962.998,7.0422
1700064000000,1963.008,1963.598,1959.065,1961.675,2.9607
1700078400000,1961.655,1962.105,1958.925,1960.305,0.932
1700092800000,1960.275,1962.055,1956.365,1961.335,2.0346
1700107200000,1961.325,1967.745,1960.725,1966.405,2.0388
1700121600000,1966.385,1968.455,1964.545,1965.465,3.1297
1700136000000,1965.445,1986.425,1962.015,1984.768,8.1747
1700150400000,1984.764,1987.848,1980.055,1983.135,3.5279
1700164800000,1983.125,1984.005,1980.125,1982.505,0.8832
1700179200000,1982.505,1986.875,1981.638,1986.635,3.3529
1700193600000,1986.615,1987.565,1982.595,1987.565,1.719
1700208000000,1987.585,1993.335,1984.558,1988.694,3.3383
1700222400000,1988.675,1991.545,1979.295,1983.375,5.7219
1700236800000,1983.455,1985.178,1978.478,1980.325,2.8179
1700251200000,1980.275,1981.005,1978.955,1980.398,0.8338
1700424000000,1977.698,1978.664,1974.145,1974.515,0.5094
1700438400000,1974.505,1985.085,1973.265,1982.138,3.0907
1700452800000,1982.128,1983.365,1978.055,1978.545,2.9042
1700467200000,1978.535,1980.405,1972.215,1973.325,3.5878
1700481600000,1973.295,1973.315,1965.355,1971.808,5.6668
1700496000000,1971.808,1978.845,1971.165,1978.365,2.7921
1700510400000,1978.385,1981.458,1976.845,1981.195,1.3469
1700524800000,1981.175,1994.195,1980.635,1993.105,4.4485
1700539200000,1993.105,1993.975,1989.575,1992.335,4.3287
1700553600000,1992.298,1994.215,1984.158,1987.165,3.9188
1700568000000,1987.175,2007.475,1986.565,2004.128,6.8186
1700582400000,2004.175,2005.195,1996.155,2000.025,4.0106
1700596800000,2000.055,2000.135,1997.525,1999.255,1.1093
1700611200000,1999.215,1999.215,1995.358,1996.354,5.4626
1700625600000,1996.365,2003.908,1996.075,2003.608,3.561
1700640000000,2003.608,2006.318,1999.015,2000.575,4.4123
1700654400000,2000.545,2003.105,1989.885,1994.798,6.5024
1700668800000,1994.815,1995.398,1986.805,1990.615,2.7835
1700683200000,1990.645,1991.765,1988.415,1990.348,1.1527
1700697600000,1990.308,1998.125,1990.008,1997.725,3.0127
1700712000000,1997.735,1998.408,1993.365,1996.275,2.1985
1700726400000,1996.265,1996.305,1992.095,1993.805,2.1428
1700740800000,1993.785,1994.805,1991.695,1992.025,2.4903
1700755200000,1992.015,1992.955,1989.715,1992.555,0.7203
1700769600000,1991.698,1994.198,1991.698,1994.025,0.2043
1700784000000,1994.065,1994.855,1991.338,1993.545,3.3749
1700798400000,1993.545,1994.658,1991.405,1993.405,2.0749
1700812800000,1993.324,1996.185,1992.094,1995.145,3.5973
1700827200000,1995.205,2003.515,1994.285,1998.315,5.138
1700841600000,1998.295,2002.228,1997.048,2000.505,1.3808
1701028800000,2000.995,2003.055,2000.398,2002.298,0.7437
1701043200000,2002.255,2018.085,2001.725,2009.418,4.454
1701057600000,2009.418,2013.625,2008.315,2010.895,2.7389
1701072000000,2010.825,2015.395,2010.445,2012.485,3.0866
1701086400000,2012.505,2016.215,2008.615,2010.245,5.3058
1701100800000,2010.305,2013.545,2005.608,2012.745,2.6825
1701115200000,2012.705,2015.308,2011.868,2015.115,1.5745
1701129600000,2015.115,2017.975,2013.845,2014.865,3.5555
1701144000000,2014.895,2016.778,2012.005,2013.395,1.7851
1701158400000,2013.485,2016.635,2012.415,2015.105,2.5324
1701172800000,2015.145,2031.405,2011.478,2030.718,6.9601
1701187200000,2030.684,2042.915,2030.385,2041.648,4.9154
1701201600000,2041.628,2044.425,2039.505,2044.315,1.8618
1701216000000,2044.365,2051.865,2042.715,2043.985,5.9968
1701230400000,2043.985,2048.895,2040.985,2042.295,3.5439
1701244800000,2042.305,2043.985,2035.205,2039.995,3.2079
1701259200000,2039.995,2046.845,2037,2042.935,7.5964
1701273600000,2042.915,2049.438,2039.455,2046.215,4.9942
1701288000000,2046.235,2046.395,2042.678,2044.595,1.6801
1701302400000,2044.605,2047.118,2042.525,2045.985,3.0924
1701316800000,2045.995,2046.845,2041.264,2044.535,2.763
1701331200000,2044.555,2045.548,2035.835,2037.065,3.371
1701345600000,2037.095,2043.975,2031.258,2037.815,7.6032
1701360000000,2037.815,2041.235,2033.575,2036.125,3.0002
1701374400000,2036.065,2040.525,2034.735,2040.005,1.8652
1701388800000,2040.065,2043.325,2038.628,2039.415,2.63
1701403200000,2039.415,2042.815,2038.768,2039.395,2.0578
1701417600000,2039.395,2049.745,2036.415,2036.945,3.3706
1701432000000,2036.985,2053.125,2033.805,2049.215,6.8444
1701446400000,2049.245,2075.265,2044.538,2066.955,10.1576
1701460800000,2066.935,2072.108,2066.435,2071.668,1.6777
1701633600000,2072.525,2145.135,2071.604,2117.915,4.9367
1701648000000,2118.065,2120.865,2083.065,2085.765,8.5249
1701662400000,2085.735,2090.385,2061.374,2063.395,4.7415
1701676800000,2063.375,2076.048,2057.685,2070.775,5.4221
1701691200000,2070.795,2071.155,2019.925,2022.478,15.8065
1701705600000,2022.425,2031.425,2020.745,2030.835,6.1293
1701720000000,2030.845,2034.105,2026.205,2033.955,1.9635
1701734400000,2033.915,2041.155,2032.575,2037.275,2.7172
1701748800000,2037.255,2038.295,2030.354,2032.585,3.0585
1701763200000,2032.645,2039.495,2021.455,2024.715,5.739
1701777600000,2024.695,2030.775,2009.855,2016.155,10.6467
1701792000000,2016.155,2020.445,2012.095,2019.678,6.5887
1701806400000,2019.655,2020.775,2017.098,2018.875,1.9385
1701820800000,2018.855,2024.155,2018.665,2023.105,1.9619
1701835200000,2023.145,2035.785,2020.295,2034.015,2.547
1701849600000,2033.965,2034.795,2020.075,2021.265,3.6374
1701864000000,2021.285,2032.935,2020.885,2030.195,8.3852
1701878400000,2030.185,2031.235,2023.865,2029.808,4.7906
1701892800000,2029.755,2029.808,2024.318,2027.025,2.2538
1701907200000,2027.015,2029.945,2026.015,2026.815,2.5101
1701921600000,2026.765,2030.655,2025.155,2029.505,3.233
1701936000000,2029.525,2035.025,2028.745,2032.545,4.5558
1701950400000,2032.525,2039.778,2025.085,2029.205,8.1191
1701964800000,2029.195,2031.865,2020.075,2029.785,6.1386
1701979200000,2029.818,2031.228,2026.755,2028.015,1.7586
1701993600000,2028.015,2033.874,2027.355,2032.385,3.89
1702008000000,2032.395,2032.395,2028.775,2030.735,3.0784
1702022400000,2030.725,2032.295,2026.425,2029.875,4.1297
1702036800000,2029.895,2030.015,2002.495,2008.875,12.4962
1702051200000,2008.885,2009.585,1994.555,2000.615,5.7768
1702065600000,2000.675,2004.908,1999.945,2004.418,1.8193
1702238400000,2002.794,2007.535,2002.484,2006.935,0.8484
1702252800000,2006.965,2007.705,1995.445,1996.845,4.1152
1702267200000,1996.845,2000.515,1991.215,1992.725,3.0416
1702281600000,1992.725,1997.715,1991.175,1996.135,3.7488
1702296000000,1996.235,1996.645,1980.505,1982.245,5.4365
1702310400000,1982.305,1984.225,1975.725,1981.455,3.6006
1702324800000,1981.475,1984.185,1980.275,1982.895,1.3646
1702339200000,1982.845,1989.415,1981.895,1985.425,2.3103
1702353600000,1985.415,1989.005,1984.635,1987.985,1.9928
1702368000000,1987.965,1988.335,1982.615,1988.298,4.0429
1702382400000,1988.325,1996.625,1979.974,1981.505,8.6509
1702396800000,1981.595,1983.585,1977.115,1980.148,3.3892
1702411200000,1980.125,1982.725,1978.785,1982.415,1.6984
1702425600000,1982.445,1982.445,1977.625,1977.815,1.843
1702440000000,1977.815,1980.455,1972.935,1979.185,2.2398
1702454400000,1979.195,1983.495,1978.495,1982.765,2.8602
1702468800000,1982.775,1986.648,1978.335,1981.795,6.7154
1702483200000,1981.775,2017.355,1979.575,2013.555,8.2614
1702497600000,2013.645,2033.025,2012.485,2032.765,6.1036
1702512000000,2032.735,2039.175,2029.928,2030.895,7.2242
1702526400000,2030.895,2037.285,2029.165,2032.605,3.6501
1702540800000,2032.575,2040.215,2031.915,2034.965,5.7811
1702555200000,2034.965,2047.775,2027.445,2040.205,12.8406
1702569600000,2040.215,2041.435,2029.015,2033.145,5.1661
1702584000000,2033.145,2038.615,2032.685,2035.445,1.7074
1702598400000,2035.545,2037.375,2031.225,2035.775,2.552
1702612800000,2035.785,2038.998,2034.198,2037.795,3.1078
1702627200000,2037.745,2044.295,2036.824,2041.555,5.5748
1702641600000,2041.655,2044.815,2026.838,2035.055,9.2918
1702656000000,2035.025,2036.258,2015.515,2019.045,5.4457
1702670400000,2019.015,2021.535,2017.325,2019.485,1.3955
1702843200000,2018.898,2020.675,2015.885,2017.345,0.5442
1702857600000,2017.345,2024.055,2015.925,2022.765,2.7957
1702872000000,2022.725,2024.685,2021.435,2023.065,2.9735
1702886400000,2023.065,2027.215,2018.658,2021.915,4.416
1702900800000,2021.945,2026.805,2020.225,2022.118,5.1813
1702915200000,2022.148,2033.615,2021.055,2026.195,4.4687
1702929600000,2026.215,2027.798,2025.475,2027.535,0.9265
1702944000000,2027.605,2029.215,2022.515,2023.198,3.1215
1702958400000,2023.178,2026.415,2021.605,2024.765,4.1082
1702972800000,2024.765,2028.365,2023.778,2026.354,2.255
1702987200000,2026.364,2045.325,2026.115,2041.725,7.2091
1703001600000,2041.765,2046.905,2036.568,2039.435,3.1724
1703016000000,2039.495,2041.535,2038.635,2040.865,1.0253
1703030400000,2040.815,2040.955,2036.605,2040.375,2.5773
1703044800000,2040.345,2043.375,2039.275,2042.225,2.265
1703059200000,2042.225,2042.365,2031.695,2033.475,3.2119
1703073600000,2033.425,2039.755,2029.478,2032.388,5.6041
1703088000000,2032.395,2037.045,2030.095,2032.285,3.3863
1703102400000,2032.245,2033.745,2027.258,2032.115,2.6811
1703116800000,2032.055,2037.635,2031.905,2037.405,3.597
1703131200000,2037.405,2038.098,2033.885,2034.915,2.301
1703145600000,2034.915,2037.155,2032.925,2033.958,3.5332
1703160000000,2033.975,2045.865,2032.028,2041.375,13.8292
1703174400000,2041.375,2044.995,2037.375,2043.808,8.5576
1703188800000,2043.825,2054.875,2042.975,2052.675,2.4869
1703203200000,2052.695,2053.785,2046.715,2048.135,4.5375
1703217600000,2048.155,2050.755,2047.015,2049.885,5.4035
1703232000000,2049.875,2062.878,2049.515,2060.575,7.0247
1703246400000,2060.635,2070.525,2057.485,2060.685,19.6561
1703260800000,2060.685,2062.028,2051.015,2053.835,12.0574
1703275200000,2053.835,2053.908,2051.998,2052.908,2.1773
1703534400000,2053.025,2057.655,2052.895,2054.775,0.6804
1703548800000,2054.765,2065.025,2053.385,2063.808,3.7177
1703563200000,2063.808,2064.975,2061.275,2064.235,2.5768
1703577600000,2064.215,2064.625,2060.525,2063.505,2.0226
1703592000000,2063.505,2063.788,2054.465,2056.755,4.7612
1703606400000,2056.705,2061.958,2056.485,2061.575,3.1091
1703620800000,2061.565,2068.948,2061.465,2066.048,2.8112
1703635200000,2066.065,2067.755,2063.825,2064.505,2.8463
1703649600000,2064.485,2067.345,2063.995,2065.945,1.724
1703664000000,2065.975,2069.205,2061.385,2068.045,2.4418
1703678400000,2068.075,2081.785,2064.295,2078.815,6.4645
1703692800000,2078.745,2084.345,2075.775,2077.425,4.0068
1703707200000,2077.435,2079.795,2076.285,2079.435,1.4414
1703721600000,2079.505,2088.355,2079.098,2087.124,4.2494
1703736000000,2087.118,2087.455,2083.858,2086.015,4.0434
1703750400000,2086.015,2086.335,2072.994,2075.355,6.234
1703764800000,2075.355,2081.005,2071.215,2077.155,10.1947
1703779200000,2077.125,2077.215,2065.875,2067.965,5.9788
1703793600000,2067.945,2068.825,2064.448,2066.655,1.7745
1703808000000,2066.645,2071.245,2065.975,2069.348,5.8427
1703822400000,2069.355,2074.645,2068.748,2071.798,5.3958
1703836800000,2071.905,2073.285,2061.698,2067.625,5.5662
1703851200000,2067.675,2068.765,2058.105,2064.705,7.4431
1703865600000,2064.698,2068.065,2061.065,2067.208,7.6282
1703880000000,2067.218,2067.308,2062.338,2062.688,1.3169
1704139200000,2062.598,2066.595,2062.405,2063.615,0.468
1704153600000,2063.625,2070.285,2062.275,2069.528,3.3085
1704168000000,2069.528,2076.665,2068.775,2073.048,3.6669
1704182400000,2073.015,2078.825,2068.205,2069.145,5.3086
1704196800000,2069.105,2070.965,2055.818,2059.265,10.9868
1704211200000,2059.305,2067.515,2059.075,2060.825,3.8153
1704225600000,2060.885,2061.545,2057.915,2059.455,1.1743
1704240000000,2059.475,2065.525,2059.094,2065.025,3.0032
1704254400000,2064.965,2065.835,2060.795,2062.928,2.9139
1704268800000,2062.835,2064.228,2046.594,2047.485,5.0997
1704283200000,2047.505,2048.698,2031.665,2032.495,9.1717
1704297600000,2032.545,2042.205,2030.515,2036.575,5.6902
1704312000000,2036.595,2043.835,2036.435,2042.895,3.3203
1704326400000,2042.865,2046.808,2040.055,2044.518,4.027
1704340800000,2044.498,2049.445,2042.345,2047.615,2.791
1704355200000,2047.615,2050.855,2044.828,2045.065,3.9155
1704369600000,2044.995,2047.625,2036.155,2045.025,5.9332
1704384000000,2045.075,2046.675,2040.765,2044.285,3.0161
1704398400000,2044.265,2044.785,2042.725,2044.098,1.232
1704412800000,2044.128,2048.155,2043.225,2045.235,2.2125
1704427200000,2045.265,2046.925,2040.805,2042.995,3.8078
1704441600000,2043.005,2044.238,2037.035,2039.155,3.2602
1704456000000,2039.155,2063.838,2024.255,2054.745,14.7481
1704470400000,2054.815,2056.155,2040.335,2045.635,6.7947
1704484800000,2045.655,2046.068,2042.785,2045.355,1.3065
1704657600000,2044.385,2045.565,2042.805,2044.195,0.5798
1704672000000,2044.235,2046.525,2034.975,2036.015,3.0124
1704686400000,2036.075,2037.555,2026.925,2031.355,3.5386
1704700800000,2031.305,2031.685,2016.604,2019.958,5.3711
1704715200000,2019.958,2034.675,2018.345,2034.115,8.8135
1704729600000,2034.105,2036.778,2026.295,2029.285,4.0432
1704744000000,2029.265,2030.835,2025.978,2030.665,1.3933
1704758400000,2030.665,2035.775,2030.615,2033.565,3.6065
1704772800000,2033.505,2037.145,2030.245,2035.885,3.5042
1704787200000,2035.955,2038.428,2031.145,2034.935,6.3821
1704801600000,2034.925,2041.898,2028.665,2028.735,9.0299
1704816000000,2028.755,2031.945,2026.015,2028.735,5.8555
1704830400000,2028.845,2031.125,2028.205,2030.665,1.6506
1704844800000,2030.674,2032.785,2027.145,2028.845,3.176
1704859200000,2028.835,2031.595,2023.795,2030.905,2.9739
1704873600000,2030.925,2040.135,2030.165,2033.925,4.9672
1704888000000,2033.905,2035.555,2024.685,2027.795,6.4297
1704902400000,2027.835,2028.395,2020.395,2023.938,5.1609
1704916800000,2023.875,2027.865,2021.725,2026.695,2.6541
1704931200000,2026.735,2031.808,2026.505,2030.835,4.351
1704945600000,2030.795,2035.655,2030.795,2033.805,2.7115
1704960000000,2033.795,2034.305,2030.125,2034.235,3.7789
1704974400000,2034.285,2043.864,2024.825,2028.945,16.1167
1704988800000,2028.955,2029.505,2013.225,2026.345,8.7117
1705003200000,2026.355,2035.455,2023.395,2035.125,2.5325
1705017600000,2035.055,2035.575,2029.975,2033.865,2.8548
1705032000000,2033.835,2039.275,2032.698,2037.405,3.9236
1705046400000,2037.375,2047.305,2036.945,2045.315,4.6115
1705060800000,2045.355,2062.145,2044.258,2053.595,13.8682
1705075200000,2053.615,2055.455,2041.325,2047.225,5.0364
1705089600000,2047.275,2049.138,2045.965,2048.675,1.298
1705262400000,2048.498,2048.605,2046.235,2047.505,0.588
1705276800000,2047.525,2057.985,2045.675,2057.305,3.496
1705291200000,2057.285,2057.465,2052.765,2054.175,3.2742
1705305600000,2054.215,2058.505,2051.465,2053.225,3.2817
1705320000000,2053.255,2054.315,2049.29,2053.125,3.6685
1705334400000,2053.108,2056.218,2053.078,2054.505,3.4011
1705348800000,2053.914,2055.495,2053.228,2053.895,0.4954
1705363200000,2054.025,2054.435,2048.265,2049.435,2.7557
1705377600000,2049.435,2050.825,2047.285,2049.315,3.031
1705392000000,2049.295,2050.035,2038.124,2039.785,8.3804
1705406400000,2039.775,2044.915,2031.275,2041.035,9.7801
1705420800000,2041.095,2041.195,2024.165,2029.205,9.6927
1705435200000,2029.185,2029.705,2025.728,2028.045,2.4137
1705449600000,2028.055,2032.815,2023.288,2023.955,4.6884
1705464000000,2023.915,2026.085,2017.598,2025.705,4.3519
1705478400000,2025.695,2028.265,2018.915,2023.805,7.0009
1705492800000,2023.835,2028.898,2006.095,2008.795,10.721
1705507200000,2008.805,2011.895,2001.755,2005.455,5.8441
1705521600000,2005.515,2009.805,2004.675,2009.465,2.1214
1705536000000,2009.505,2012.055,2006.345,2007.975,3.2526
1705550400000,2007.955,2014.045,2005.705,2012.198,2.996
1705564800000,2012.218,2013.405,2008.075,2012.505,4.3235
1705579200000,2012.525,2017.155,2007.175,2013.525,7.0585
1705593600000,2013.515,2021.025,2012.985,2019.725,3.9274
1705608000000,2019.725,2024.555,2019.725,2023.675,1.8508
1705622400000,2023.675,2025.475,2021.895,2022.805,2.989
1705636800000,2022.815,2029.625,2020.325,2027.945,3.4337
1705651200000,2027.895,2031.875,2026.105,2031.555,3.4557
1705665600000,2031.605,2039.278,2023.035,2027.645,9.4913
1705680000000,2027.645,2029.425,2023.175,2029.075,4.5558
1705694400000,2029.075,2029.815,2027.655,2029.375,1.0347
1705867200000,2029.715,2029.715,2026.848,2027.535,0.4569
1705881600000,2027.505,2032.005,2025.385,2026.895,2.5813
1705896000000,2026.945,2027.065,2018.985,2021.695,4.1542
1705910400000,2021.645,2026.458,2020.335,2026.078,3.3395
1705924800000,2026.038,2030.028,2016.448,2023.994,9.9286
1705939200000,2024.005,2024.438,2019.055,2020.955,4.6623
1705953600000,2020.955,2021.855,2019.125,2020.635,0.965
1705968000000,2020.695,2027.855,2019.515,2027.395,4.084
1705982400000,2027.325,2037.808,2026.645,2031.565,5.4888
1705996800000,2031.635,2031.655,2022.298,2023.875,3.7863
1706011200000,2023.875,2030.265,2021.325,2025.045,6.0631
1706025600000,2025.085,2030.558,2022.565,2029.755,4.2947
1706040000000,2029.765,2030.178,2027.235,2029.255,2.0807
1706054400000,2029.255,2029.255,2023.628,2024.685,2.4636
1706068800000,2024.675,2031.495,2022.725,2029.465,2.3667
1706083200000,2029.485,2034.185,2028.105,2033.305,3.6806
1706097600000,2033.305,2036.575,2014.815,2015.145,10.7751
1706112000000,2015.215,2019.715,2011.105,2012.115,5.988
1706126400000,2012.115,2017.565,2011.675,2016.265,3.64
1706140800000,2016.305,2017.175,2014.435,2015.725,2.6618
1706155200000,2015.725,2018.225,2013.515,2015.648,2.4726
1706169600000,2015.625,2019.445,2012.555,2017.425,2.9807
1706184000000,2017.455,2025.175,2009.455,2020.158,11.9624
1706198400000,2020.145,2021.505,2012.415,2017.648,5.9615
1706212800000,2017.648,2021.811,2016.845,2020.565,1.6758
1706227200000,2020.625,2024.125,2019.245,2021.755,2.3901
1706241600000,2021.705,2023.395,2019.735,2021.285,1.9497
1706256000000,2021.225,2024.545,2018.105,2023.295,3.9016
1706270400000,2023.305,2026.715,2016.055,2016.908,8.2346
1706284800000,2016.918,2019.278,2015.845,2016.925,2.7571
1706299200000,2016.955,2019.205,2016.365,2017.915,0.5928
1706472000000,2024.215,2028.384,2021.185,2021.775,1.1386
1706486400000,2021.855,2026.265,2019.195,2025.555,2.3562
1706500800000,2025.555,2033.795,2024.625,2031.275,3.4108
1706515200000,2031.225,2033.525,2025.358,2028.085,3.1159
1706529600000,2028.075,2037.465,2020.485,2025.365,5.3006
1706544000000,2025.345,2030.995,2023.975,2026.865,3.1719
1706558400000,2026.895,2035.145,2026.808,2031.035,4.3284
1706572800000,2031.045,2034.025,2029.745,2032.025,1.6403
1706587200000,2032.025,2040.285,2031.145,2037.815,2.0069
1706601600000,2037.795,2039.328,2031.298,2034.275,4.0543
1706616000000,2034.265,2048.448,2028.935,2032.465,12.7393
1706630400000,2032.515,2036.918,2031.345,2035.995,4.7107
1706644800000,2035.965,2037.175,2035.185,2036.335,1.4435
1706659200000,2036.365,2038.528,2032.735,2033.785,2.3888
1706673600000,2033.765,2038.535,2033.115,2036.535,2.1246
1706688000000,2036.525,2040.305,2036.055,2037.195,4.3884
1706702400000,2037.235,2055.878,2035.955,2052.185,10.0428
1706716800000,2052.175,2053.575,2039.075,2044.605,9.0985
1706731200000,2044.625,2045.845,2031,2039.825,4.9405
1706745600000,2039.855,2049.475,2039.045,2046.144,4.2502
1706760000000,2046.144,2046.505,2041.055,2042.775,3.4467
1706774400000,2042.745,2042.745,2029.905,2033.355,4.7679
1706788800000,2033.355,2052.905,2030.035,2051.875,9.9959
1706803200000,2051.875,2065.348,2051.158,2054.608,10.638
1706817600000,2054.648,2056.145,2053.385,2054.745,1.8062
1706832000000,2054.725,2056.845,2051.775,2054.545,4.1961
1706846400000,2054.545,2056.855,2053.938,2054.965,5.523
1706860800000,2054.955,2056.715,2052.595,2055.948,2.7946
1706875200000,2055.935,2057.545,2027.635,2034.915,11.9627
1706889600000,2034.935,2038.665,2032.988,2038.085,5.845
1706904000000,2038.125,2039.735,2035.905,2039.275,1.1281
1707076800000,2040.054,2042.034,2038.854,2039.115,0.585
1707091200000,2039.155,2039.745,2030.108,2032.195,2.8055
1707105600000,2032.165,2033.285,2026.654,2027.465,2.1992
1707120000000,2027.495,2028.258,2020.555,2027.565,3.2675
1707134400000,2027.575,2027.995,2014.835,2017.675,6.6267
1707148800000,2017.815,2027.465,2017.665,2025.885,4.4585
1707163200000,2025.835,2026.258,2023.665,2025.005,1.5302
1707177600000,2025.005,2028.505,2023.395,2023.825,2.6338
1707192000000,2023.845,2029.715,2023.505,2026.245,2.9659
1707206400000,2026.265,2027.415,2022.795,2026.665,2.9931
1707220800000,2026.635,2038.035,2024.405,2036.205,6.5939
1707235200000,2036.218,2038.785,2032.005,2035.935,4.0566
1707249600000,2035.985,2036.875,2034.445,2035.175,0.8788
1707264000000,2035.135,2036.055,2033.965,2034.305,3.5608
1707278400000,2034.305,2036.085,2032.298,2035.105,3.499
1707292800000,2035.115,2035.705,2031.138,2034.035,2.1518
1707307200000,2034.035,2044.465,2030.505,2038.235,7.3806
1707321600000,2038.215,2040.835,2034,2035.495,5.537
1707336000000,2035.495,2036.495,2033.605,2036.395,2.6127
1707350400000,2036.395,2038.635,2031.675,2032.745,3.3864
1707364800000,2032.725,2035.045,2031.014,2032.785,1.6869
1707379200000,2032.795,2038.355,2027.785,2028.945,3.3695
1707393600000,2028.975,2033.935,2020.095,2031.828,9.5796
1707408000000,2031.795,2035.175,2027.578,2032.515,4.1702
1707422400000,2032.515,2034.848,2032.485,2034.185,0.9279
1707436800000,2034.205,2034.978,2031.785,2033.465,1.9428
1707451200000,2033.565,2034.825,2032.038,2033.458,1.8484
1707465600000,2033.435,2033.965,2030.425,2031.418,3.3822
1707480000000,2031.405,2037.058,2021.775,2022.308,11.91
1707494400000,2022.338,2026.245,2020.195,2024.665,2.1421
1707508800000,2024.645,2026.175,2023.795,2024.155,0.7769
1707681600000,2023.495,2026.708,2023.194,2025.345,0.7026
1707696000000,2025.375,2026.505,2021.755,2022.815,0.9822
1707710400000,2022.765,2026.338,2022.515,2025.435,1.7367
1707724800000,2025.435,2027.158,2019.915,2021.565,2.9832
1707739200000,2021.565,2027.505,2011.985,2013.045,5.2865
1707753600000,2013.125,2021.448,2011.795,2019.028,5.9179
1707768000000,2019.025,2020.408,2018.525,2018.845,2.1609
1707782400000,2018.785,2021.125,2016.785,2018.498,0.9583
1707796800000,2018.475,2025.705,2018.315,2025.125,1.2586
1707811200000,2025.165,2029.255,2024.405,2027.565,2.9881
1707825600000,2027.565,2032.845,1989.985,1992.145,10.672
1707840000000,1992.155,1997.755,1991.195,1991.705,2.8461
1707854400000,1991.655,1993.585,1990.655,1991.435,1.1305
1707868800000,1991.425,1993.515,1988.735,1992.298,1.8988
1707883200000,1992.298,1993.245,1989.295,1989.385,1.6318
1707897600000,1989.385,1993.315,1985.945,1992.175,3.6837
1707912000000,1992.175,1993.175,1984.088,1987.775,5.4746
1707926400000,1987.795,1996.025,1987.395,1991.665,3.6304
1707940800000,1991.665,1993.755,1989.535,1993.645,1.7504
1707955200000,1993.685,1994.195,1990.175,1990.735,1.82
1707969600000,1990.735,1994.615,1990.385,1993.785,1.1864
1707984000000,1993.765,1998.045,1993.465,1997.445,2.0474
1707998400000,1997.425,2008.175,1995.585,2000.705,10.4622
1708012800000,2000.705,2006.375,1998.365,2005.035,3.8432
1708027200000,2005.035,2005.035,2003.295,2003.345,0.9086
1708041600000,2003.445,2005.555,2002.228,2004.178,2.6151
1708056000000,2004.178,2006.405,2002.625,2005.095,1.4483
1708070400000,2005.035,2007.735,2003.755,2007.235,2.7394
1708084800000,2007.235,2010.915,1994.985,2007.768,9.2832
1708099200000,2007.768,2015.095,2007.115,2012.565,4.4204
1708113600000,2012.545,2013.835,2011.185,2013.055,0.8785
1708286400000,2014.595,2016.245,2009.935,2013.695,1.1488
1708300800000,2013.644,2022.785,2013.544,2019.805,3.6911
1708315200000,2019.765,2022.895,2018.185,2020.825,2.2473
1708329600000,2020.825,2021.145,2018.115,2018.285,3.5991
1708344000000,2018.275,2019.158,2014.675,2014.815,2.8809
1708358400000,2014.755,2018.435,2013.185,2017.775,0.9536
1708372800000,2017.498,2017.855,2015.745,2016.085,0.3299
1708387200000,2016.115,2019.165,2014.945,2018.138,1.6116
1708401600000,2018.138,2022.775,2017.635,2021.358,1.7009
1708416000000,2021.315,2027.535,2020.705,2026.778,4.7041
1708430400000,2026.725,2030.765,2025.315,2027.375,6.8248
1708444800000,2027.395,2028.785,2024.695,2025.025,1.9839
1708459200000,2025.105,2025.105,2023.455,2024.095,1.208
1708473600000,2024.155,2030.805,2022.835,2030.435,1.2624
1708488000000,2030.435,2032.195,2028.265,2028.705,1.9744
1708502400000,2028.695,2030.075,2025.845,2028.165,3.1103
1708516800000,2028.185,2031.475,2023.938,2024.025,6.9736
1708531200000,2024.105,2026.435,2019.915,2025.915,4.7851
1708545600000,2025.895,2026.895,2023.858,2025.658,2.0218
1708560000000,2025.658,2028.485,2024.975,2026.205,1.7189
1708574400000,2026.245,2031.935,2025.448,2031.345,2.3988
1708588800000,2031.425,2034.708,2027.155,2028.925,4.0875
1708603200000,2028.905,2029.795,2020.088,2023.225,9.5913
1708617600000,2023.225,2024.575,2019.555,2022.965,4.212
1708632000000,2022.975,2025.928,2022.465,2024.615,1.4939
1708646400000,2024.665,2027.295,2022.685,2025.665,1.5587
1708660800000,2025.665,2026.445,2018.025,2021.684,1.353
1708675200000,2021.684,2023.895,2015.955,2023.785,3.5758
1708689600000,2023.785,2031.028,2023.005,2030.008,9.081
1708704000000,2030.015,2041.285,2030.015,2037.245,6.3369
1708718400000,2037.245,2037.425,2034.955,2035.215,0.9323
1708891200000,2034.295,2034.865,2032.638,2033.935,0.3462
1708905600000,2033.975,2033.975,2029.775,2032.455,2.7968
1708920000000,2032.445,2035.235,2031.795,2035.015,1.8447
1708934400000,2034.945,2036.965,2030.745,2030.815,4.2051
1708948800000,2030.865,2034.328,2024.975,2029.065,6.3305
1708963200000,2029.108,2030.155,2026.475,2029.665,5.2702
1708977600000,2029.635,2033.555,2029.635,2031.205,1.1035
1708992000000,2031.185,2034.435,2030.908,2033.345,1.909
1709006400000,2033.415,2036.145,2032.745,2035.295,2.4553
1709020800000,2035.285,2039.375,2034.525,2038.155,3.5608
1709035200000,2038.175,2038.978,2032.885,2033.685,7.5532
1709049600000,2033.695,2035.965,2029.335,2030.185,4.2154
1709064000000,2030.155,2030.755,2028.725,2030.025,1.0601
1709078400000,2030.075,2033.625,2029.075,2030.835,1.6574
1709092800000,2030.855,2031.965,2027.725,2027.985,1.7768
1709107200000,2027.965,2029.165,2024.355,2027.135,3.1121
1709121600000,2027.108,2037.805,2026.775,2031.735,7.7047
1709136000000,2031.735,2035.478,2030.738,2032.075,2.6054
1709150400000,2032.075,2035.274,2032.035,2034.518,1.1167
1709164800000,2034.575,2037.015,2033.855,2036.458,1.9976
1709179200000,2036.448,2037.735,2034.355,2037.205,2.1939
1709193600000,2037.225,2037.385,2028.755,2030.235,3.0132
1709208000000,2030.235,2050.605,2028.015,2047.995,10.2175
1709222400000,2047.995,2048.235,2043.138,2044.395,4.7963
1709236800000,2044.335,2045.355,2042.775,2044.185,0.9095
1709251200000,2044.165,2046.755,2042.765,2046.445,1.8728
1709265600000,2046.415,2048.745,2043.315,2045.345,1.8224
1709280000000,2045.365,2057.395,2038.915,2055.295,5.5406
1709294400000,2055.295,2070.828,2045.495,2069.078,11.3198
1709308800000,2069.064,2088.215,2069.064,2085.148,10.4317
1709323200000,2085.125,2085.198,2082.345,2082.395,1.3048
1709496000000,2081.835,2086.145,2081.835,2083.445,0.7045
1709510400000,2083.445,2084.305,2079.308,2081.375,3.0689
1709524800000,2081.375,2088.195,2080.174,2087.335,2.6591
1709539200000,2087.295,2087.435,2081.795,2082.025,4.0538
1709553600000,2082.055,2109.285,2081.018,2108.925,11.2784
1709568000000,2108.915,2119.805,2107.604,2116.205,12.3811
1709582400000,2116.265,2118.495,2113.295,2114.475,1.5597
1709596800000,2114.455,2116.725,2110.375,2112.875,2.1317
1709611200000,2112.875,2119.645,2112.565,2114.325,4.2238
1709625600000,2114.435,2127.235,2114.355,2124.385,5.8893
1709640000000,2124.445,2141.748,2121.105,2126.565,15.3006
1709654400000,2126.555,2134.655,2123.565,2129.488,9.5639
1709668800000,2129.475,2130.845,2126.798,2127.945,1.7246
1709683200000,2127.945,2127.995,2123.615,2124.695,2.25
1709697600000,2124.695,2131.445,2124.695,2128.335,2.2115
1709712000000,2128.345,2132.505,2124.255,2132.415,5.1513
1709726400000,2132.435,2149.115,2130.925,2140.875,15.6325
1709740800000,2140.885,2152.085,2139.345,2144.295,15.3816
1709755200000,2144.265,2151.135,2143.095,2147.275,1.9494
1709769600000,2147.205,2152.328,2144.048,2151.665,3.9693
1709784000000,2151.635,2161.435,2151.435,2155.905,7.1625
1709798400000,2155.915,2159.735,2153.128,2155.965,5.2934
1709812800000,2155.878,2164.635,2147.825,2153.595,15.4165
1709827200000,2153.605,2160.785,2149.175,2159.905,6.5214
1709841600000,2159.945,2162.485,2157.895,2161.865,1.2897
1709856000000,2161.865,2163.475,2153.895,2157.555,2.0998
1709870400000,2157.515,2161.925,2156.258,2161.255,3.1964
1709884800000,2161.235,2170.995,2161.015,2168.158,8.2883
1709899200000,2168.165,2185.305,2155.778,2177.115,19.7278
1709913600000,2177.105,2195.085,2168.215,2176.245,12.2837
1709928000000,2176.305,2179.155,2175.615,2178.965,1.3209
1710100800000,2179.015,2183.735,2177.005,2181.545,0.972
1710115200000,2181.585,2188.925,2176.755,2179.374,4.4022
1710129600000,2179.365,2182.635,2176.765,2182.215,3.3859
1710144000000,2182.195,2182.958,2175.785,2178.835,5.3965
1710158400000,2178.835,2185.595,2174.695,2184.215,11.3074
1710172800000,2184.155,2184.548,2177.045,2181.275,4.566
1710187200000,2181.214,2184.625,2180.635,2183.555,1.1103
1710201600000,2183.555,2184.425,2176.695,2177.385,2.4146
1710216000000,2177.345,2179.145,2173.485,2176.925,2.1204
1710230400000,2176.885,2178.955,2170.515,2171.825,4.205
1710244800000,2171.815,2181.868,2152.545,2162.878,22.6195
1710259200000,2162.878,2166.408,2150.455,2157.285,5.7525
1710273600000,2157.275,2161.335,2155.665,2156.885,1.3828
1710288000000,2156.905,2161.495,2156.555,2159.045,1.918
1710302400000,2159.005,2161.408,2157.198,2159.615,4.6545
1710316800000,2159.635,2164.065,2157.395,2163.895,5.2181
1710331200000,2163.935,2174.468,2161.345,2171.635,21.5048
1710345600000,2171.635,2179.745,2169.455,2172.485,6.8027
1710360000000,2172.535,2176.085,2172.275,2175.345,1.2758
1710374400000,2175.315,2176.848,2171.065,2172.165,2.0229
1710388800000,2172.175,2172.385,2167.325,2168.575,3.9072
1710403200000,2168.545,2171.935,2167.065,2168.375,4.937
1710417600000,2168.385,2170.268,2152.665,2157.095,14.6083
1710432000000,2157.095,2164.905,2156.575,2163.345,5.1741
1710446400000,2163.435,2163.798,2160.755,2161.555,0.6697
1710460800000,2161.595,2165.875,2160.485,2164.478,1.7566
1710475200000,2164.478,2169.975,2163.485,2166.925,2.9316
1710489600000,2166.965,2172.615,2165.205,2166.905,5.118
1710504000000,2166.895,2167.265,2156.435,2159.925,9.4288
1710518400000,2159.885,2163.375,2155.115,2156.795,4.4593
1710532800000,2157.045,2158.215,2155.325,2155.625,0.2853
1710705600000,2155.395,2156.768,2151.435,2156.428,1.3587
1710720000000,2156.428,2157.435,2145.985,2146.675,2.4947
1710734400000,2146.655,2152.095,2145.985,2152.045,2.1353
1710748800000,2152.065,2161.195,2150.055,2160.975,5.0128
1710763200000,2160.995,2163.455,2155.465,2158.228,14.2455
1710777600000,2158.235,2161.048,2154.465,2160.085,6.3435
1710792000000,2160.085,2162.465,2159.278,2162.035,1.0277
1710806400000,2162.085,2162.745,2158.485,2161.445,2.6917
1710820800000,2161.425,2162.055,2153.925,2155.648,4.0887
1710835200000,2155.655,2156.625,2147.045,2155.475,5.4491
1710849600000,2155.475,2158.615,2148.285,2154.205,8.3034
1710864000000,2154.245,2157.865,2153.038,2157.675,4.7499
1710878400000,2157.695,2159.565,2156.858,2156.965,1.2402
1710892800000,2156.985,2159.925,2155.125,2159.765,1.4872
1710907200000,2159.845,2160.135,2156.365,2158.125,2.4311
1710921600000,2158.045,2158.275,2152.215,2153.865,2.955
1710936000000,2153.885,2164.755,2149.475,2155.735,7.359
1710950400000,2155.748,2188.735,2155.485,2182.675,12.5889
1710964800000,2182.785,2222.875,2182.725,2203.855,4.788
1710979200000,2203.875,2212.275,2192.365,2202.695,7.0611
1710993600000,2202.775,2210.095,2201.715,2206.415,4.4231
1711008000000,2206.415,2211.685,2196.735,2207.375,8.6638
1711022400000,2207.385,2208.735,2166.264,2174.555,14.1103
1711036800000,2174.565,2183.875,2172.905,2181.348,5.1215
1711051200000,2181.375,2182.545,2180.465,2181.735,0.8754
1711065600000,2181.735,2185.965,2171.735,2173.675,4.8473
1711080000000,2173.685,2176.175,2162.475,2168.298,4.8666
1711094400000,2168.298,2170.015,2164.825,2165.945,4.3163
1711108800000,2165.958,2180.035,2165.385,2166.075,13.375
1711123200000,2165.995,2167.395,2157.035,2163.858,4.151
1711137600000,2163.955,2167.155,2163.465,2165.055,0.6937
1711310400000,2165.475,2168.795,2165.085,2168.275,1.2401
1711324800000,2168.335,2178.245,2163.885,2170.495,4.4566
1711339200000,2170.515,2171.565,2163.455,2165.835,3.838
1711353600000,2165.825,2171.775,2163.705,2170.405,4.0264
1711368000000,2170.385,2181.205,2170.235,2175.385,8.1089
1711382400000,2175.355,2177.765,2170.645,2170.865,3.0987
1711396800000,2170.975,2173.475,2170.615,2172.815,1.0814
1711411200000,2172.795,2174.295,2167.458,2170.225,3.772
1711425600000,2170.255,2174.085,2169.525,2172.895,4.2304
1711440000000,2172.835,2199.995,2171.445,2196.355,7.1389
1711454400000,2196.385,2197.208,2171.595,2174.215,12.4782
1711468800000,2174.225,2179.095,2174.155,2177.785,5.4224
1711483200000,2177.825,2179.815,2174.508,2179.358,1.0403
1711497600000,2179.365,2181.615,2173.275,2177.635,2.527
1711512000000,2177.615,2180.735,2175.625,2180.425,2.7501
1711526400000,2180.455,2197.505,2176.445,2188.335,5.9061
1711540800000,2188.335,2195.125,2183.435,2190.335,10.105
1711555200000,2190.338,2194.168,2188.925,2193.255,3.7201
1711569600000,2193.245,2195.065,2190.065,2190.545,1.2176
1711584000000,2190.565,2196.335,2187.225,2194.715,4.2883
1711598400000,2194.675,2200.545,2192.545,2193.665,2.4273
1711612800000,2193.675,2213.635,2190.725,2210.325,7.278
1711627200000,2210.295,2216.975,2202.094,2215.768,14.5607
1711641600000,2215.768,2225.365,2213.295,2221.635,7.5778
1711656000000,2221.625,2236.015,2219.505,2232.698,1.5627
1711915200000,2238.435,2247.265,2234.845,2245.885,2.6946
1711929600000,2245.935,2265.035,2243.755,2264.325,5.9288
1711944000000,2264.345,2265.585,2256.785,2257.358,4.1166
1711958400000,2257.355,2260.085,2245.435,2246.745,3.5717
1711972800000,2246.745,2257.758,2228.395,2239.625,12.3394
1711987200000,2239.605,2244.648,2234.635,2244.648,4.5587
1712001600000,2244.648,2255.745,2242.948,2248.885,2.5876
1712016000000,2248.865,2255.165,2246.585,2251.485,4.6117
1712030400000,2251.585,2259.798,2250.295,2256.315,4.9725
1712044800000,2256.315,2266.695,2255.168,2260.495,6.2945
1712059200000,2260.555,2276.858,2250.785,2258.528,21.7654
1712073600000,2258.525,2279.325,2254.035,2277.348,8.0248
1712088000000,2277.375,2288.185,2275.635,2279.845,2.0605
1712102400000,2279.674,2287.885,2276.564,2284.985,4.121
1712116800000,2285.025,2286.898,2270.338,2271.075,6.4789
1712131200000,2271.065,2275.995,2267.558,2273.598,6.6354
1712145600000,2273.565,2288.245,2265.405,2286.215,22.6336
1712160000000,2286.215,2298.745,2280.605,2297.365,15.5771
1712174400000,2297.485,2302.555,2296.245,2297.445,2.2779
1712188800000,2297.515,2304.795,2297.235,2299.015,2.9122
1712203200000,2299.078,2300.558,2291.755,2292.925,3.2811
1712217600000,2292.904,2295.045,2288.745,2289.205,4.4792
1712232000000,2289.235,2299.305,2282.604,2291.985,13.3767
1712246400000,2291.914,2305.425,2279.688,2284.775,9.7909
1712260800000,2284.725,2293.265,2284.725,2288.635,1.8099
1712275200000,2288.675,2290.255,2267.605,2276.595,5.4287
1712289600000,2276.655,2290.495,2276.455,2289.075,6.9526
1712304000000,2289.045,2295.985,2284.768,2291.055,6.7223
1712318400000,2290.905,2328.278,2280.235,2326.085,31.866
1712332800000,2326.085,2330.345,2320.575,2323.115,7.7021
1712347200000,2323.165,2330.025,2322.745,2328.195,0.9201
1712520000000,2323.125,2328.255,2303.705,2311.115,4.5315
1712534400000,2311.195,2353.835,2302.755,2345.425,12.3018
1712548800000,2345.435,2345.505,2331.705,2337.695,8.178
1712563200000,2337.695,2343.435,2333.215,2337.225,12.0875
1712577600000,2337.235,2337.905,2318.575,2327.795,19.6381
1712592000000,2327.885,2341.905,2325.925,2338.305,8.3181
1712606400000,2338.305,2340.375,2336.795,2338.685,1.3905
1712620800000,2338.685,2348.345,2337.725,2343.855,6.2014
1712635200000,2343.855,2356.805,2342.948,2353.855,6.8504
1712649600000,2353.855,2365.185,2349.465,2354.455,9.4366
1712664000000,2354.455,2364.135,2338.125,2340.225,23.2466
1712678400000,2340.218,2351.428,2339.975,2351.055,10.614
1712692800000,2351.055,2355.148,2350.328,2354.775,2.0337
1712707200000,2354.715,2355.465,2344.665,2351.225,2.5965
1712721600000,2351.205,2360.065,2350.825,2352.965,8.2272
1712736000000,2353.138,2355.795,2344.715,2346.935,11.6672
1712750400000,2346.915,2352.285,2319.265,2336.925,28.3365
1712764800000,2336.895,2345.125,2325.715,2329.625,11.0513
1712779200000,2329.505,2337.175,2329.465,2335.435,1.9709
1712793600000,2335.495,2346.765,2333.195,2343.825,4.1918
1712808000000,2343.835,2346.005,2333.785,2336.325,7.1796
1712822400000,2336.345,2339.498,2325.655,2337.135,10.5432
1712836800000,2337.135,2347.345,2331.645,2344.655,15.7799
1712851200000,2344.665,2374.505,2342.575,2372.745,11.0518
1712865600000,2372.885,2379.455,2370.724,2376.725,2.3963
1712880000000,2376.965,2395.265,2374.485,2384.105,6.4326
1712894400000,2384.095,2400.215,2382.685,2399.865,9.0565
1712908800000,2399.875,2400.575,2390.315,2395.325,7.7216
1712923200000,2395.325,2431.385,2381.945,2395.505,28.1078
1712937600000,2395.435,2395.435,2333.755,2343.295,19.0829
1712952000000,2343.295,2345.005,2341.635,2343.285,1.1927
1713124800000,2352.098,2372.435,2346.735,2364.585,6.4691
1713139200000,2364.645,2365.755,2348.255,2358.475,8.4087
1713153600000,2358.385,2362.335,2349.865,2353.035,8.6385
1713168000000,2353.015,2361.075,2344.615,2357.875,11.1174
1713182400000,2357.878,2361.015,2323.858,2351.555,21.9083
1713196800000,2351.555,2387.448,2346.065,2386.305,18.7324
1713211200000,2386.305,2392.035,2379.985,2381.825,3.0248
1713225600000,2381.744,2389.198,2379.185,2387.818,9.8704
1713240000000,2387.825,2388.935,2362.844,2365.385,11.577
1713254400000,2365.445,2375.228,2365.035,2373.888,12.1182
1713268800000,2373.878,2392.908,2363.435,2385.865,30.7687
1713283200000,2385.928,2398.128,2379.615,2389.528,22.0594
1713297600000,2389.485,2390.175,2378.275,2382.575,2.1055
1713312000000,2382.585,2386.105,2380.615,2381.605,3.6706
1713326400000,2381.588,2383.185,2372.575,2382.378,7.4819
1713340800000,2382.378,2394.165,2382.378,2387.195,10.902
1713355200000,2387.215,2395.448,2378.248,2382.075,18.7541
1713369600000,2382.075,2384.335,2360.955,2372.555,9.3013
1713384000000,2372.545,2373.195,2354.435,2367.815,2.1712
1713398400000,2367.815,2375.205,2363.965,2374.735,6.4377
1713412800000,2374.655,2380.855,2373.148,2377.715,7.0509
1713427200000,2377.698,2385.195,2377.155,2380.795,10.6052
1713441600000,2380.795,2392.624,2369.468,2383.978,24.0096
1713456000000,2383.978,2389.228,2378.025,2380.095,8.7557
1713470400000,2380.095,2381.375,2376.845,2379.795,0.8155
1713484800000,2379.685,2417.745,2373.685,2391.235,18.6409
1713499200000,2391.235,2393.795,2378.505,2385.255,12.2528
1713513600000,2385.195,2386.208,2372.805,2376.735,12.1535
1713528000000,2376.735,2395.895,2373.005,2394.765,17.5553
1713542400000,2394.715,2401.845,2386.565,2387.495,11.293
1713556800000,2387.455,2392.088,2386.595,2390.295,0.5399
1713729600000,2387.635,2388.425,2381.275,2386.405,1.3246
1713744000000,2386.405,2386.455,2361.664,2369.285,5.2621
1713758400000,2369.345,2372.805,2351.265,2360.865,9.1748
1713772800000,2360.845,2363.565,2339.295,2342.085,9.1352
1713787200000,2342.085,2350.228,2330.965,2334.595,19.1421
1713801600000,2334.595,2336.345,2324.555,2329.145,5.9498
1713816000000,2329.125,2333.815,2325.225,2333.665,1.5222
1713830400000,2333.595,2334.305,2295.408,2302.465,11.0677
1713844800000,2302.485,2314.605,2298.718,2308.895,12.2926
1713859200000,2308.905,2309.605,2291.265,2302.035,15.711
1713873600000,2302.055,2332.045,2301.125,2323.145,28.1737
1713888000000,2323.125,2331.214,2321.115,2322.168,13.1801
1713902400000,2322.198,2324.165,2321.205,2323.155,1.6856
1713916800000,2323.215,2328.045,2315.725,2327.815,7.4381
1713931200000,2327.815,2331.215,2320.575,2320.575,7.5698
1713945600000,2320.595,2321.835,2311.635,2316.035,9.0034
1713960000000,2316.015,2337.128,2311.985,2322.465,27.0571
1713974400000,2322.455,2330.395,2317.665,2318.858,10.4578
1713988800000,2318.885,2319.455,2313.555,2316.085,1.7758
1714003200000,2316.085,2321.985,2304.898,2313.075,5.194
1714017600000,2313.084,2326.075,2312.275,2325.555,8.8906
1714032000000,2325.555,2330.478,2323.995,2328.425,7.8219
1714046400000,2328.425,2344.708,2312.734,2330.265,30.4284
1714060800000,2330.265,2336.288,2322.855,2332.795,13.5144
1714075200000,2332.815,2333.578,2329.995,2330.545,1.1447
1714089600000,2330.535,2336.128,2326.165,2334.565,4.4306
1714104000000,2334.575,2347.088,2333.435,2345.405,5.7238
1714118400000,2345.415,2352.418,2343.268,2344.775,10.7767
1714132800000,2344.785,2351.428,2328.605,2336.615,19.1567
1714147200000,2336.595,2341.275,2332.565,2339.915,9.779
1714161600000,2339.915,2340.045,2336.298,2337.245,1.6518
1714334400000,2336.065,2337.095,2332.405,2335.845,1.2777
1714348800000,2335.775,2336.145,2319.728,2328.338,6.2784
1714363200000,2328.338,2337.805,2327.255,2337.165,9.9955
1714377600000,2337.065,2344.285,2335.295,2336.955,9.3283
1714392000000,2336.965,2339.358,2325.455,2337.695,14.8105
1714406400000,2337.735,2346.585,2332.895,2335.615,9.8145
1714420800000,2335.605,2337.005,2332.705,2333.025,1.0685
1714435200000,2333.005,2336.055,2326.745,2329.054,3.6701
1714449600000,2329.045,2329.385,2315.215,2317.445,3.877
1714464000000,2317.455,2318.375,2309.435,2312.625,4.0378
1714478400000,2312.605,2313.355,2293.018,2295.835,14.3514
1714492800000,2295.845,2299.235,2289.205,2290.655,6.0968
1714507200000,2290.625,2293.405,2284.975,2291.265,1.7765
1714521600000,2291.185,2292.765,2282.745,2284.075,3.5479
1714536000000,2284.025,2289.695,2281.515,2285.725,4.6287
1714550400000,2285.725,2296.975,2283.695,2294.445,6.5731
1714564800000,2294.445,2310.325,2294.028,2307.128,23.2355
1714579200000,2307.215,2328.225,2295.445,2309.675,19.8564
1714593600000,2309.795,2324.685,2306.948,2323.638,4.1077
1714608000000,2323.678,2326.325,2317.205,2319.395,3.3682
1714622400000,2319.475,2320.875,2308.025,2309.115,6.3482
1714636800000,2309.225,2310.915,2295.065,2298.878,8.3279
1714651200000,2298.824,2306.825,2285.358,2299.773,20.7109
1714665600000,2299.805,2309.335,2297.805,2302.795,11.4337
1714680000000,2302.748,2305.545,2300.535,2304.115,1.6768
1714694400000,2304.115,2306.208,2299.725,2302.345,3.6578
1714708800000,2302.365,2308.615,2297.675,2299.078,4.082
1714723200000,2299.105,2303.055,2296.265,2298.215,4.039
1714737600000,2298.195,2320.548,2277.165,2293.598,32.7454
1714752000000,2293.608,2302.985,2292.735,2301.268,10.0136
1714766400000,2301.255,2303.235,2300.545,2301.175,1.1758
1714939200000,2304.655,2305.855,2293.185,2293.875,2.0637
1714953600000,2293.875,2315.215,2291.645,2309.215,10.109
1714968000000,2309.215,2324.045,2308.015,2322.645,9.9911
1714982400000,2322.645,2322.965,2315.485,2318.165,8.6504
1714996800000,2318.145,2331.988,2314.485,2324.665,17.1659
1715011200000,2324.655,2327.278,2317.565,2324.915,9.8092
1715025600000,2324.874,2328.795,2322.095,2325.935,2.0105
1715040000000,2325.975,2329.788,2319.568,2324.775,4.6892
1715054400000,2324.795,2324.925,2317.635,2319.195,5.6161
1715068800000,2319.185,2319.755,2311.608,2312.245,9.0359
1715083200000,2312.215,2323.528,2309.818,2314.655,12.8544
1715097600000,2314.685,2317.295,2310.955,2314.555,7.8893
1715112000000,2314.555,2316.715,2312.628,2315.105,1.8958
1715126400000,2315.125,2318.045,2306.875,2316.925,4.182
1715140800000,2316.975,2321.345,2305.115,2305.505,3.8419
1715155200000,2305.505,2317.938,2303.555,2314.595,4.1552
1715169600000,2314.575,2320.265,2306.685,2320.265,10.3878
1715184000000,2320.265,2320.945,2307.855,2308.005,4.2037
1715198400000,2308.125,2310.815,2307.755,2308.695,0.932
1715212800000,2308.795,2312.948,2307.738,2312.235,3.6662
1715227200000,2312.065,2319.638,2307.555,2309.215,6.2499
1715241600000,2309.205,2316.524,2306.615,2315.818,7.4647
1715256000000,2315.778,2338.665,2311.968,2330.275,23.4037
1715270400000,2330.315,2343.975,2329.075,2343.675,9.7404
1715284800000,2343.654,2348.245,2342.965,2346.404,2.8109
1715299200000,2346.495,2355.674,2345.865,2353.255,6.8827
1715313600000,2353.285,2370.225,2351.115,2366.535,7.6122
1715328000000,2366.535,2378.365,2365.725,2372.075,7.9614
1715342400000,2371.995,2375.648,2356.495,2364.755,19.6046
1715356800000,2364.755,2370.815,2361.585,2363.295,8.8768
1715371200000,2363.315,2364.945,2359.605,2360.175,0.6876
1715544000000,2362.895,2363.995,2359.625,2360.278,1.1551
1715558400000,2360.325,2364.355,2354.715,2356.958,7.0388
1715572800000,2356.925,2356.925,2346.395,2348.518,4.2577
1715587200000,2348.518,2350.258,2338.325,2344.475,5.9688
1715601600000,2344.364,2349.678,2331.985,2335.778,17.9178
1715616000000,2335.765,2338.408,2334.385,2337.248,7.5721
1715630400000,2337.248,2339.195,2334.935,2338.275,0.8401
1715644800000,2338.275,2344.385,2334.695,2343.008,3.5008
1715659200000,2342.975,2345.798,2335.985,2339.085,4.5395
1715673600000,2339.135,2348.108,2337.695,2343.415,9.9938
1715688000000,2343.415,2356.935,2336.395,2347.848,24.2426
1715702400000,2347.838,2359.558,2346.205,2356.505,7.8027
1715716800000,2356.585,2358.378,2354.975,2355.695,1.3399
1715731200000,2355.695,2360.895,2354.774,2360.238,5.2774
1715745600000,2360.238,2364.838,2355.575,2362.315,8.7624
1715760000000,2362.315,2374.175,2361.915,2362.668,11.563
1715774400000,2362.625,2385.665,2351.735,2377.488,23.6613
1715788800000,2377.518,2390.188,2376.975,2386.305,10.6604
1715803200000,2386.295,2391.815,2385.065,2391.715,1.4466
1715817600000,2391.755,2397.275,2386.415,2388.595,7.8072
1715832000000,2388.595,2394.388,2384.545,2389.205,6.9451
1715846400000,2389.185,2391.255,2380.805,2384.508,6.3523
1715860800000,2384.485,2386.125,2370.845,2381.428,19.006
1715875200000,2381.415,2383.645,2377.704,2378.045,9.7278
1715889600000,2378.085,2379.585,2375.788,2377.705,0.9744
1715904000000,2377.785,2381.095,2373.788,2377.755,5.2503
1715918400000,2377.765,2387.668,2376.515,2383.748,6.5723
1715932800000,2383.748,2390.028,2381.185,2389.685,7.1697
1715947200000,2389.685,2418.988,2386.755,2407.615,20.8239
1715961600000,2407.675,2419.055,2405.625,2416.358,9.1123
1715976000000,2416.365,2422.575,2413.298,2414.525,1.2337
1716148800000,2417.098,2425.195,2416.715,2420.185,1.4784
1716163200000,2420.185,2440.465,2416.415,2437.518,8.6277
1716177600000,2437.488,2449.985,2431.848,2442.108,10.671
1716192000000,2442.075,2447.015,2427.525,2430.495,8.9522
1716206400000,2430.435,2430.695,2407.145,2424.808,22.486
1716220800000,2424.768,2437.205,2422.365,2426.648,12.2891
1716235200000,2426.825,2430.435,2423.195,2426.105,1.6644
1716249600000,2426.115,2432.955,2406.158,2413.665,9.8552
1716264000000,2413.645,2422.075,2408.484,2419.185,7.9582
1716278400000,2419.235,2423.628,2412.058,2423.325,8.1175
1716292800000,2423.325,2433.838,2419.915,2423.275,23.2219
1716307200000,2423.255,2424.928,2417.238,2423.228,9.4222
1716321600000,2423.225,2423.338,2420.258,2421.494,1.675
1716336000000,2421.564,2426.344,2412.224,2413.904,10.8445
1716350400000,2413.914,2418.314,2411.214,2417.024,18.6823
1716364800000,2417.034,2419.195,2404.648,2408.665,9.9396
1716379200000,2408.645,2414.968,2382.105,2391.918,24.1802
1716393600000,2391.895,2394.915,2374.855,2379.108,13.4353
1716408000000,2379.058,2382.635,2377.315,2382.105,2.3713
1716422400000,2382.115,2383.605,2366.628,2372.365,9.0361
1716436800000,2372.315,2373.808,2354.855,2355.955,12.1409
1716451200000,2355.955,2369.315,2355.005,2367.945,13.2108
1716465600000,2367.908,2369.705,2340.175,2346.018,25.8895
1716480000000,2346.048,2350.055,2330.845,2331.418,12.591
1716494400000,2331.395,2333.515,2326.848,2331.908,1.8962
1716508800000,2331.908,2335.058,2325.265,2330.495,6.4574
1716523200000,2330.495,2340.495,2330.355,2337.618,5.4839
1716537600000,2337.608,2343.735,2335.975,2338.108,7.4407
1716552000000,2338.108,2347.325,2332.255,2334.475,11.9171
1716566400000,2334.495,2336.868,2331.765,2333.658,5.9891
1716580800000,2333.815,2335.028,2333.075,2333.405,0.5166
1716753600000,2336.365,2340.588,2332.125,2337.105,1.2506
1716768000000,2337.135,2347.485,2334.328,2345.905,4.3261
1716782400000,2345.885,2345.948,2337.975,2338.458,5.7607
1716796800000,2338.555,2346.085,2338.055,2344.975,8.0985
1716811200000,2344.975,2358.388,2343.575,2352.328,15.4391
1716825600000,2352.285,2355.445,2350.498,2350.754,4.074
1716840000000,2351.098,2353.765,2350.945,2352.365,0.7526
1716854400000,2352.365,2356.228,2349.015,2350.788,5.3609
1716868800000,2350.745,2353.625,2341.235,2343.975,5.9439
1716883200000,2343.935,2348.348,2340.155,2347.348,5.8663
1716897600000,2347.294,2363.975,2345.815,2360.188,16.279
1716912000000,2360.155,2362.105,2352.685,2358.108,9.0502
1716926400000,2358.055,2362.105,2357.705,2359.685,2.0439
1716940800000,2359.495,2360.915,2354.288,2358.045,5.9944
1716955200000,2358.075,2361.275,2349.925,2350.425,6.2686
1716969600000,2350.405,2351.715,2338.435,2341.585,8.741
1716984000000,2341.495,2347.065,2334.438,2339.048,13.6164
1716998400000,2339.038,2344.198,2335.895,2336.648,7.8603
1717012800000,2336.675,2339.105,2335.785,2338.285,1.9291
1717027200000,2338.235,2339.758,2327.885,2334.268,8.3173
1717041600000,2334.255,2337.588,2322.458,2334.255,8.2639
1717056000000,2334.355,2340.795,2330.455,2335.748,8.7866
1717070400000,2335.745,2351.698,2331.895,2343.738,20.328
1717084800000,2343.738,2348.755,2339.795,2341.428,7.2739
1717099200000,2341.425,2346.275,2341.335,2343.864,1.8872
1717113600000,2343.865,2347.608,2336.845,2343.595,6.9058
1717128000000,2343.595,2346.945,2339.825,2340.295,6.9309
1717142400000,2340.315,2344.785,2339.615,2343.725,5.1259
1717156800000,2343.705,2359.598,2327.625,2329.978,22.9292
1717171200000,2329.925,2336.618,2320.395,2327.588,12.3751
1717185600000,2327.525,2330.495,2326.915,2326.995,0.9909
1717358400000,2327.425,2329.315,2323.205,2325.748,1.0698
1717372800000,2325.795,2331.005,2320.785,2321.285,6.8679
1717387200000,2321.335,2328.755,2314.635,2325.845,8.8259
1717401600000,2325.845,2333.128,2324.308,2329.868,12.8632
1717416000000,2329.868,2345.575,2325.535,2342.675,21.3886
1717430400000,2342.675,2354.565,2341.235,2347.588,11.9627
1717444800000,2347.555,2352.005,2346.865,2350.488,1.563
1717459200000,2350.485,2352.645,2343.068,2345.578,7.3463
1717473600000,2345.578,2351.675,2339.008,2339.585,5.832
1717488000000,2339.605,2339.625,2325.4,2327.865,13.717
1717502400000,2327.865,2337.925,2315.508,2325.968,23.089
1717516800000,2325.955,2330.198,2322.395,2327.128,13.4557
1717531200000,2327.115,2328.788,2325.918,2328.668,1.5913
1717545600000,2328.678,2337.748,2325.785,2337.048,6.4441
1717560000000,2337.048,2341.535,2327.945,2331.485,8.0878
1717574400000,2331.465,2335.434,2329.348,2332.435,7.7809
1717588800000,2332.435,2357.278,2332.078,2353.575,21.2187
1717603200000,2353.615,2356.628,2351.238,2353.928,9.4084
1717617600000,2353.958,2357.785,2352.778,2354.935,1.7025
1717632000000,2354.935,2374.805,2354.408,2368.328,8.4818
1717646400000,2368.328,2371.268,2362.045,2362.785,7.2311
1717660800000,2362.755,2363.778,2358.395,2359.705,7.4579
1717675200000,2359.665,2378.408,2353.305,2374.128,20.6682
1717689600000,2374.128,2376.805,2368.895,2372.428,9.3883
1717704000000,2372.425,2378.015,2372.258,2376.718,1.7121
1717718400000,2376.675,2381.845,2369.278,2380.085,8.0041
1717732800000,2380.025,2387.595,2372.738,2373.445,10.7826
1717747200000,2373.415,2373.765,2330.965,2336.485,19.002
1717761600000,2336.468,2339.255,2304.415,2304.918,25.0259
1717776000000,2304.905,2314.445,2287.528,2288.195,7.0762
1717790400000,2288.115,2294.205,2286.628,2293.415,0.9881
1717963200000,2294.415,2300.038,2288.755,2298.328,1.6268
1717977600000,2298.315,2301.128,2293.835,2295.178,4.3634
1717992000000,2295.178,2297.165,2287.665,2296.405,7.3968
1718006400000,2296.405,2305.175,2291.705,2304.975,8.6052
1718020800000,2304.975,2308.605,2300.235,2307.228,11.7797
1718035200000,2307.525,2313.655,2306.855,2308.638,6.6266
1718049600000,2308.645,2312.385,2308.395,2309.798,1.2761
1718064000000,2309.825,2311.835,2298.625,2303.528,8.1395
1718078400000,2303.515,2305.325,2297.595,2304.425,6.9395
1718092800000,2304.445,2308.738,2301.425,2307.545,7.9298
1718107200000,2307.515,2319.865,2307.505,2310.018,17.8775
1718121600000,2310.018,2315.605,2305.795,2315.218,7.2261
1718136000000,2315.248,2317.508,2313.835,2315.008,1.7396
1718150400000,2315.055,2316.625,2310.584,2313.915,6.8036
1718164800000,2313.915,2317.645,2311.025,2314.445,5.5626
1718179200000,2314.445,2315.628,2310.665,2312.828,5.9073
1718193600000,2312.745,2341.495,2311.465,2335.475,30.0361
1718208000000,2335.475,2339.408,2315.755,2321.215,21.9529
1718222400000,2321.235,2325.398,2320.145,2320.448,2.5349
1718236800000,2320.445,2322.815,2307.985,2314.138,7.9439
1718251200000,2314.085,2318.525,2308.855,2316.905,6.1938
1718265600000,2317.005,2319.855,2303.845,2306.948,10.3737
1718280000000,2306.935,2326.495,2297.645,2298.858,29.6249
1718294400000,2298.795,2304.865,2295.395,2303.328,14.3333
1718308800000,2303.305,2304.238,2301.648,2302.208,1.7523
1718323200000,2302.145,2308.575,2301.415,2305.358,6.3599
1718337600000,2305.338,2316.548,2303.385,2315.215,9.2756
1718352000000,2315.215,2336.575,2314.675,2331.885,14.159
1718366400000,2331.885,2335.358,2323.945,2325.985,18.2332
1718380800000,2326.055,2335.455,2325.325,2332.348,6.7564
1718395200000,2332.294,2332.898,2330.888,2332.184,0.6019
1718568000000,2331.098,2332.488,2327.228,2328.748,1.677
1718582400000,2328.748,2328.815,2321.375,2324.268,6.4897
1718596800000,2324.255,2326.128,2315.365,2316.848,8.4579
1718611200000,2316.835,2322.535,2316.318,2318.078,7.698
1718625600000,2318.055,2327.495,2309.895,2312.455,11.8159
1718640000000,2312.455,2320.475,2312.455,2320.075,6.2269
1718654400000,2320.068,2321.088,2318.098,2320.545,1.0632
1718668800000,2320.545,2325.535,2319.108,2324.348,5.4901
1718683200000,2324.338,2324.688,2314.865,2315.398,5.0496
1718697600000,2315.364,2315.364,2306.465,2313.275,6.9608
1718712000000,2313.275,2329.685,2311.355,2326.758,17.6556
1718726400000,2326.768,2333.008,2326.365,2329.158,10.1931
1718740800000,2329.215,2330.485,2327.308,2328.195,0.9773
1718755200000,2328.215,2331.635,2326.348,2328.145,4.2631
1718769600000,2328.145,2332.555,2326.675,2331.725,4.9792
1718784000000,2331.725,2334.868,2325.715,2330.325,6.0138
1718798400000,2330.335,2332.835,2323.984,2329.678,8.3847
1718812800000,2329.698,2331.278,2327.425,2327.695,1.8255
1718827200000,2327.865,2330.515,2327.865,2329.265,0.5804
1718841600000,2329.285,2338.878,2327.628,2333.805,6.0454
1718856000000,2333.825,2345.555,2333.645,2338.498,8.4301
1718870400000,2338.485,2341.268,2331.475,2339.205,8.5202
1718884800000,2339.198,2365.375,2335.205,2353.595,19.0787
1718899200000,2353.585,2360.968,2352.705,2358.828,6.8847
1718913600000,2358.858,2360.965,2357.978,2360.715,1.6915
1718928000000,2360.728,2364.685,2356.998,2362.018,6.9703
1718942400000,2362.035,2365.485,2354.995,2362.835,7.6603
1718956800000,2362.835,2368.558,2361.178,2366.158,9.2552
1718971200000,2366.125,2367.978,2323.165,2327.828,21.0764
1718985600000,2327.828,2329.195,2316.588,2322.068,6.6331
1719000000000,2322.038,2322.578,2320.685,2321.755,0.5143
1719172800000,2322.775,2322.775,2317.575,2319.085,0.9962
1719187200000,2318.995,2326.578,2317.818,2325.335,8.1407
1719201600000,2325.365,2331.688,2321.215,2330.678,7.2496
1719216000000,2330.645,2332.688,2320.625,2326.098,8.6306
1719230400000,2326.095,2333.765,2323.205,2327.528,15.0445
1719244800000,2327.508,2334.588,2326.758,2331.578,9.7507
1719259200000,2331.675,2334.595,2330.105,2330.755,1.296
1719273600000,2330.815,2330.835,2323.035,2323.985,5.8015
1719288000000,2323.985,2330.018,2322.608,2324.745,8.6537
1719302400000,2324.695,2337.018,2322.785,2329.975,10.764
1719316800000,2329.965,2330.345,2315.455,2324.585,18.2409
1719331200000,2324.645,2324.935,2315.405,2319.698,8.874
1719345600000,2319.698,2321.215,2317.885,2319.898,2.0175
1719360000000,2319.845,2323.738,2310.455,2317.125,8.63
1719374400000,2317.115,2318.105,2309.608,2315.985,6.66
1719388800000,2315.985,2318.285,2304.265,2312.918,12.4627
1719403200000,2312.925,2317.728,2293.464,2299.938,15.706
1719417600000,2299.895,2302.928,2296.835,2298.575,8.3319
1719432000000,2298.665,2299.148,2296.615,2298.258,1.5434
1719446400000,2298.288,2300.025,2296.635,2298.858,5.9372
1719460800000,2298.835,2303.335,2296.425,2302.215,7.2923
1719475200000,2302.205,2317.758,2301.935,2316.928,9.9234
1719489600000,2316.928,2330.825,2315.985,2327.365,18.8816
1719504000000,2327.378,2328.198,2322.355,2325.968,7.442
1719518400000,2325.955,2328.445,2325.395,2327.588,1.1732
1719532800000,2327.618,2328.185,2318.905,2321.638,8.0982
1719547200000,2321.635,2328.748,2319.645,2327.078,6.9935
1719561600000,2327.145,2337.068,2326.355,2333.798,7.2357
1719576000000,2333.798,2339.635,2322.745,2328.475,21.2241
1719590400000,2328.515,2332.618,2322.918,2324.938,8.0965
1719604800000,2324.928,2326.675,2322.735,2326.275,0.8131
1719777600000,2326.315,2326.775,2322.505,2324.825,1.0437
1719792000000,2324.815,2328.425,2322.065,2324.608,5.1858
1719806400000,2324.578,2328.865,2318.395,2323.638,6.4897
1719820800000,2323.514,2338.118,2321.775,2338.065,10.2095
1719835200000,2338.115,2338.388,2319.125,2327.698,16.9395
1719849600000,2327.728,2331.768,2326.575,2330.908,7.3989
1719864000000,2330.955,2332.595,2330.775,2332.138,1.1506
1719878400000,2332.095,2334.208,2325.628,2325.888,5.1997
1719892800000,2325.898,2331.645,2323.198,2330.688,6.3218
1719907200000,2330.688,2332.325,2319.895,2320.585,9.81
1719921600000,2320.675,2336.668,2318.945,2324.618,16.5766
1719936000000,2324.638,2331.318,2320.818,2330.778,7.6474
1719950400000,2330.785,2331.308,2328.625,2330.138,1.4627
1719964800000,2330.115,2332.378,2326.685,2331.598,4.0367
1719979200000,2331.598,2347.074,2331.598,2345.275,8.2991
1719993600000,2345.225,2349.418,2342.015,2345.308,8.7467
1720008000000,2345.305,2364.795,2344.815,2362.945,19.9905
1720022400000,2362.945,2363.055,2353.585,2354.218,6.7333
1720036800000,2354.218,2359.455,2354.115,2358.675,1.0027
1720051200000,2358.725,2362.385,2356.365,2357.965,5.7343
1720065600000,2357.965,2359.485,2350.364,2357.445,5.8052
1720080000000,2357.435,2359.888,2355.415,2358.368,4.8045
1720094400000,2358.365,2361.758,2355.355,2357.318,6.9647
1720108800000,2357.305,2359.028,2356.035,2356.555,1.842
1720123200000,2356.615,2357.605,2354.115,2356.655,0.8208
1720137600000,2356.655,2363.018,2355.908,2361.655,5.9893
1720152000000,2361.655,2367.345,2361.238,2365.115,7
1720166400000,2365.115,2367.955,2361.715,2365.725,6.9528
1720180800000,2365.725,2388.308,2347.515,2384.595,21.122
1720195200000,2384.615,2392.815,2383.845,2388.668,11.2527
1720209600000,2388.668,2391.518,2388.125,2390.705,0.6085
1720382400000,2385.498,2390.008,2384.625,2385.938,1.7011
1720396800000,2385.915,2390.935,2380.535,2382.805,6.4872
1720411200000,2382.835,2386.645,2376.538,2377.778,6.8664
1720425600000,2377.755,2378.695,2368.175,2375.238,8.9535
1720440000000,2375.248,2379.405,2350.945,2355.385,17.3422
1720454400000,2355.385,2359.748,2350.915,2359.105,8.806
1720468800000,2359.125,2361.955,2357.908,2361.655,1.1994
1720483200000,2361.645,2367.825,2360.378,2367.548,5.2956
1720497600000,2367.568,2368.658,2358.265,2358.875,5.1711
1720512000000,2358.875,2365.515,2357.455,2360.498,6.0685
1720526400000,2360.498,2371.358,2349.455,2361.958,16.8673
1720540800000,2361.958,2365.535,2356.425,2363.448,9.666
1720555200000,2363.408,2365.955,2362.091,2364.918,1.2383
1720569600000,2364.828,2370.165,2363.168,2368.065,5.1053
1720584000000,2368.068,2374.885,2366.505,2372.525,7.7318
1720598400000,2372.528,2378.238,2371.358,2378.218,6.7692
1720612800000,2378.235,2386.548,2373.848,2378.728,14.9531
1720627200000,2378.728,2381.238,2369.785,2371.708,6.8812
1720641600000,2371.678,2372.775,2370.235,2372.694,0.9475
1720656000000,2372.708,2380.108,2371.375,2378.648,4.8131
1720670400000,2378.638,2383.125,2378.375,2379.828,7.693
1720684800000,2379.795,2384.465,2378.945,2380.705,9.268
1720699200000,2380.695,2424.395,2377.668,2417.268,34.9164
1720713600000,2417.278,2419.128,2409.865,2414.018,10.9633
1720728000000,2413.975,2415.995,2410.995,2415.875,2.7778
1720742400000,2415.875,2416.165,2406.558,2408.658,7.5898
1720756800000,2408.638,2409.965,2400.165,2404.055,10.0892
1720771200000,2404.045,2408.148,2398.195,2401.645,7.274
1720785600000,2401.675,2413.635,2391.325,2411.618,18.5232
1720800000000,2411.595,2418.128,2411.595,2412.738,8.5776
1720814400000,2412.695,2412.695,2410.534,2410.534,0.5082
1720987200000,2412.455,2414.855,2405.525,2408.545,1.4453
1721001600000,2408.575,2411.848,2404.815,2411.508,7.1091
1721016000000,2411.465,2413.815,2401.225,2407.825,8.7026
1721030400000,2407.805,2420.178,2406.835,2418.115,9.4858
1721044800000,2418.155,2437.355,2411.385,2433.198,20.6876
1721059200000,2433.164,2439.628,2419.665,2421.008,9.7158
1721073600000,2420.985,2422.618,2420.575,2422.435,1.3814
1721088000000,2422.435,2431.368,2419.835,2428.518,7.8837
1721102400000,2428.495,2439.205,2424.955,2436.845,9.9161
1721116800000,2436.875,2443.345,2433.488,2439.445,10.7543
1721131200000,2439.425,2465.128,2429.285,2463.048,22.0082
1721145600000,2463.048,2468.588,2457.754,2468.488,10.8152
1721160000000,2468.505,2469.865,2466.135,2468.175,2.3953
1721174400000,2468.148,2482.325,2463.878,2471.615,10.5518
1721188800000,2471.645,2474.275,2461.718,2474.115,11.9646
1721203200000,2474.095,2478.755,2466.578,2469.988,12.743
1721217600000,2469.988,2483.548,2457.925,2463.375,21.3136
1721232000000,2463.385,2464.918,2451.425,2457.928,9.2312
1721246400000,2457.928,2461.728,2457.178,2461.215,3.209
1721260800000,2461.215,2468.775,2457.225,2467.928,8.183
1721275200000,2467.928,2474.805,2464.475,2471.825,9.1254
1721289600000,2471.815,2473.595,2461.415,2464.388,10.9474
1721304000000,2464.365,2469.775,2457.495,2461.208,19.5832
1721318400000,2461.208,2461.948,2440.195,2442.865,10.0402
1721332800000,2442.935,2445.705,2441.148,2441.148,2.1113
1721347200000,2441.148,2441.218,2420.315,2428.578,10.0086
1721361600000,2428.585,2429.175,2412.748,2418.065,8.5715
1721376000000,2418.065,2421.525,2408.375,2409.905,7.3051
1721390400000,2409.925,2410.095,2393.675,2405.275,18.9718
1721404800000,2405.275,2405.865,2395.515,2398.548,7.8573
1721419200000,2398.625,2401.365,2397.655,2400.485,0.5956
1721592000000,2401.298,2411.815,2400.875,2411.435,2.4175
1721606400000,2411.435,2412.035,2403.145,2406.628,7.977
1721620800000,2406.625,2407.175,2398.825,2402.408,9.9605
1721635200000,2402.455,2408.268,2397.938,2397.958,8.5993
1721649600000,2397.935,2400.005,2383.715,2386.168,17.5403
1721664000000,2386.145,2399.998,2385.975,2398.978,7.9199
1721678400000,2398.885,2399.388,2394.675,2395.565,1.1404
1721692800000,2395.555,2403.875,2395.385,2398.185,8.1448
1721707200000,2398.185,2399.465,2388.135,2397.745,11.3163
1721721600000,2397.775,2411.908,2396.215,2407.458,13.2519
1721736000000,2407.455,2409.135,2399.425,2405.338,19.6639
1721750400000,2405.308,2408.945,2402.518,2407.498,9.1043
1721764800000,2407.498,2409.885,2405.268,2408.408,1.7398
1721779200000,2408.408,2418.228,2404.795,2416.375,9.4581
1721793600000,2416.375,2419.105,2411.505,2414.475,11.5558
1721808000000,2414.454,2417.658,2409.665,2417.345,9.8378
1721822400000,2417.378,2431.945,2413.555,2424.668,17.8002
1721836800000,2424.655,2424.798,2398.268,2398.348,7.8274
1721851200000,2398.405,2401.045,2392.895,2398.595,3.2059
1721865600000,2398.645,2399.935,2366.625,2374.598,17.774
1721880000000,2374.598,2378.605,2365.725,2373.898,12.2309
1721894400000,2373.865,2382.485,2367.935,2368.415,13.4475
1721908800000,2368.435,2376.925,2357.918,2362.998,21.7477
1721923200000,2362.985,2365.425,2353.005,2362.438,7.9881
1721937600000,2362.415,2365.295,2359.255,2363.635,2.1097
1721952000000,2363.685,2379.265,2355.728,2371.605,7.7118
1721966400000,2371.625,2375.145,2365.098,2371.375,6.9883
1721980800000,2371.485,2375.635,2369.235,2373.105,5.8711
1721995200000,2373.105,2390.655,2370.898,2385.048,17.5097
1722009600000,2385.098,2390.228,2381.015,2386.205,6.922
1722024000000,2386.345,2388.658,2385.315,2386.765,0.8481
1722196800000,2387.645,2402.995,2387.115,2396.875,2.9285
1722211200000,2396.935,2402.395,2388.528,2394.445,10.4251
1722225600000,2394.445,2396.108,2389.355,2391.468,9.9075
1722240000000,2391.468,2395.275,2386.738,2387.645,6.974
1722254400000,2387.655,2396.585,2369.518,2376.698,16.248
1722268800000,2376.815,2385.305,2374.405,2382.998,8.5346
1722283200000,2382.924,2384.825,2380.775,2380.988,1.2139
1722297600000,2381.095,2385.878,2376.358,2385.638,6.6339
1722312000000,2385.668,2391.915,2385.565,2390.218,9.3498
1722326400000,2390.168,2392.295,2386.835,2386.938,9.2422
1722340800000,2387.035,2397.648,2383.265,2385.205,17.8445
1722355200000,2385.235,2410.798,2384.915,2406.978,12.5629
1722369600000,2406.905,2412.705,2406.884,2409.675,3.1899
1722384000000,2409.715,2418.895,2403.765,2416.325,11.3651
1722398400000,2416.305,2425.355,2414.285,2417.015,10.2346
1722412800000,2417.015,2423.118,2415.315,2419.445,9.4692
1722427200000,2419.465,2428.918,2417.225,2423.008,17.3014
1722441600000,2422.945,2450.745,2421.394,2449.748,15.2432
1722456000000,2449.714,2450.848,2444.128,2445.638,2.7228
1722470400000,2445.615,2458.295,2437.218,2442.598,13.6192
1722484800000,2442.585,2448.748,2439.828,2440.185,17.0792
1722499200000,2440.118,2442.875,2430.075,2440.658,10.5816
1722513600000,2440.675,2462.125,2440.175,2445.095,26.7369
1722528000000,2445.075,2448.635,2434.828,2443.035,13.3685
1722542400000,2443.075,2447.468,2441.738,2445.705,3.2936
1722556800000,2445.705,2459.335,2434.815,2454.375,13.3889
1722571200000,2454.375,2468.285,2454.108,2461.485,16.7605
1722585600000,2461.505,2465.225,2457.485,2459.095,13.372
1722600000000,2459.068,2477.494,2410.664,2433.075,28.9332
1722614400000,2433.075,2439.124,2422.898,2437.448,10.0656
1722628800000,2437.448,2443.815,2435.488,2443.055,1.0341
1722801600000,2443.975,2447.345,2437.574,2440.865,4.7557
1722816000000,2440.865,2452.395,2413.908,2450.835,14.8414
1722830400000,2450.835,2458.655,2422.025,2431.794,28.7156
1722844800000,2431.815,2434.335,2383.105,2386.675,28.3487
1722859200000,2386.625,2412.074,2364.164,2402.678,30.45
1722873600000,2402.655,2412.995,2398.928,2407.598,15.4778
1722888000000,2407.625,2412.405,2404.285,2404.675,3.5177
1722902400000,2404.695,2418.215,2404.455,2408.895,13.2844
1722916800000,2408.895,2412.535,2394.728,2409.688,15.1284
1722931200000,2409.645,2416.195,2408.025,2410.805,14.8475
1722945600000,2410.815,2412.095,2381.515,2387.455,26.0652
1722960000000,2387.545,2395.885,2385.525,2387.578,9.753
1722974400000,2387.605,2391.675,2382.665,2383.748,3.3493
1722988800000,2383.735,2388.295,2378.868,2385.785,16.154
1723003200000,2385.785,2397.445,2385.548,2389.195,18.4839
1723017600000,2389.178,2402.185,2388.195,2400.958,17.1923
1723032000000,2400.915,2406.858,2391.845,2394.448,22.9742
1723046400000,2394.395,2399.635,2383.715,2385.608,17.6175
1723060800000,2385.525,2387.218,2380.855,2384.685,3.6675
1723075200000,2384.715,2394.588,2383.085,2394.175,9.3676
1723089600000,2394.175,2400.645,2392.345,2396.715,9.1122
1723104000000,2396.715,2413.475,2392.745,2412.135,10.7792
1723118400000,2412.105,2424.195,2402.205,2418.578,25.0555
1723132800000,2418.534,2426.178,2415.665,2423.448,14.816
1723147200000,2423.485,2427.848,2422.785,2424.445,2.9043
1723161600000,2424.485,2428.845,2419.198,2420.908,10.5709
1723176000000,2420.825,2426.915,2416.815,2423.028,7.4814
1723190400000,2423.028,2432.505,2422.115,2426.565,9.9042
1723204800000,2426.575,2435.798,2420.965,2431.358,21.996
1723219200000,2431.348,2436.884,2427.118,2429.005,8.0371
1723233600000,2429.035,2431.115,2429.035,2430.925,0.7975
1723406400000,2430.298,2433.305,2426.835,2427.765,1.2215
1723420800000,2427.835,2430.115,2423.695,2428.445,6.8141
1723435200000,2428.415,2442.745,2428.095,2441.515,7.6731
1723449600000,2441.525,2445.015,2439.518,2441.495,6.942
1723464000000,2441.485,2460.358,2441.345,2459.705,19.8476
1723478400000,2459.705,2472.065,2458.894,2470.418,10.0004
1723492800000,2470.408,2475.855,2469.825,2475.425,2.575
1723507200000,2475.445,2476.845,2460.764,2463.318,11.426
1723521600000,2463.325,2466.065,2458.365,2464.085,7.2248
1723536000000,2464.125,2466.498,2458.775,2465.648,9.8083
1723550400000,2465.648,2475.505,2458.818,2468.498,19.2957
1723564800000,2468.454,2470.925,2462.105,2466.965,5.2832
1723579200000,2466.888,2467.728,2462.808,2463.975,2.2252
1723593600000,2463.985,2472.415,2455.225,2460.765,9.0282
1723608000000,2460.745,2471.815,2459.098,2470.828,6.9961
1723622400000,2470.825,2478.615,2468.605,2474.638,10.2076
1723636800000,2474.668,2479.715,2441.948,2443.935,16.4697
1723651200000,2443.955,2448.275,2438,2447.115,10.8381
1723665600000,2447.075,2449.348,2446.355,2449.295,1.4169
1723680000000,2449.315,2454.195,2448.075,2453.565,8.6374
1723694400000,2453.565,2458.665,2450.205,2455.665,6.2698
1723708800000,2455.665,2464.065,2453.485,2463.418,6.8956
1723723200000,2463.418,2469.945,2432.015,2458.255,25.5674
1723737600000,2458.328,2461.558,2453.338,2455.414,9.055
1723752000000,2455.415,2458.098,2454.225,2457.195,2.6384
1723766400000,2457.225,2459.908,2450.565,2452.308,8.0608
1723780800000,2452.285,2464.405,2451.025,2461.885,7.1228
1723795200000,2461.925,2472.195,2458.954,2472.015,7.047
1723809600000,2472.015,2500.045,2471.148,2491.635,25.5367
1723824000000,2491.645,2508.875,2491.565,2507.824,11.5999
1723838400000,2507.765,2509.638,2505.405,2506.844,1.0733
1724011200000,2508.298,2509.998,2502.148,2506.305,2.3011
1724025600000,2506.325,2506.645,2494.845,2503.155,10.9547
1724040000000,2503.155,2505.098,2498.695,2502.925,10.0818
1724054400000,2502.865,2507.065,2486.415,2494.365,9.9642
1724068800000,2494.365,2505.865,2485.515,2503.848,17.8752
1724083200000,2503.848,2507.345,2500.605,2505.345,7.3445
1724097600000,2505.515,2505.538,2501.928,2503.515,1.5299
1724112000000,2503.615,2508.065,2498.558,2501.665,7.9241
1724126400000,2501.685,2515.005,2497.235,2514.825,10.2941
1724140800000,2514.825,2526.978,2514.275,2526.178,14.0962
1724155200000,2526.205,2531.558,2505.654,2508.398,24.3657
1724169600000,2508.368,2515.304,2500.685,2514.878,9.3758
1724184000000,2514.938,2516.828,2512.638,2512.795,2.8654
1724198400000,2512.795,2519.795,2510.725,2517.275,7.0093
1724212800000,2517.325,2519.428,2508.005,2509.635,7.9102
1724227200000,2509.595,2513.115,2504.345,2511.698,10.0056
1724241600000,2511.698,2513.585,2493.698,2508.194,14.7364
1724256000000,2508.278,2518.995,2503.065,2511.418,8.7881
1724270400000,2511.325,2514.235,2509.668,2512.585,2.0211
1724284800000,2512.635,2514.545,2499.815,2502.268,8.5968
1724299200000,2502.205,2510.485,2499.204,2506.948,8.5419
1724313600000,2506.935,2509.008,2497.895,2499.395,8.6798
1724328000000,2499.465,2504.045,2470.705,2481.768,17.2391
1724342400000,2481.798,2485.885,2478.425,2482.795,6.5336
1724356800000,2482.868,2487.525,2482.348,2487.475,1.5414
1724371200000,2487.475,2493.618,2486.355,2493.075,8.5462
1724385600000,2493.095,2495.665,2490.465,2493.335,7.4877
1724400000000,2493.275,2502.355,2492.935,2501.495,9.1189
1724414400000,2501.495,2518.195,2494.315,2509.678,24.1422
1724428800000,2509.678,2513.105,2501.668,2510.698,11.565
1724443200000,2510.708,2512.575,2509.448,2512.235,0.8322
1724616000000,2511.275,2516.585,2510.105,2515.785,2.1553
1724630400000,2515.795,2516.845,2509.205,2509.745,9.2922
1724644800000,2509.725,2521.715,2508.585,2521.305,11.4536
1724659200000,2521.305,2526.708,2520.585,2526.425,13.2105
1724673600000,2526.425,2526.648,2510.548,2515.748,23.9735
1724688000000,2515.705,2523.255,2513.465,2518.048,7.1827
1724702400000,2518.078,2518.958,2515.335,2515.335,1.3856
1724716800000,2515.355,2516.625,2505.698,2508.955,8.1233
1724731200000,2508.955,2517.395,2504.458,2504.858,11.123
1724745600000,2504.858,2513.605,2503.415,2511.355,15.0993
1724760000000,2511.355,2520.205,2503.325,2512.045,15.3935
1724774400000,2511.985,2525.818,2509.758,2524.975,7.6616
1724788800000,2524.965,2528.888,2523.675,2525.178,2.4448
1724803200000,2525.155,2525.725,2513.115,2515.755,6.9734
1724817600000,2515.745,2516.035,2503.338,2509.865,10.5599
1724832000000,2509.865,2511.275,2500.615,2501.338,8.7215
1724846400000,2501.305,2510.505,2493.515,2506.058,17.5263
1724860800000,2506.018,2509.465,2496.295,2507.528,9.1981
1724875200000,2507.585,2508.685,2502.675,2508.094,3.0964
1724889600000,2508.094,2516.695,2507.964,2516.475,8.5879
1724904000000,2516.495,2521.065,2513.635,2519.025,8.2523
1724918400000,2519.055,2524.295,2514.954,2519.785,8.3893
1724932800000,2519.758,2525.498,2503.515,2522.438,17.2267
1724947200000,2522.455,2528.558,2517.305,2521.045,8.1247
1724961600000,2521.068,2522.218,2518.725,2519.435,1.5308
1724976000000,2519.455,2519.968,2512.175,2513.425,6.8028
1724990400000,2513.365,2523.848,2512.035,2519.215,8.1689
1725004800000,2519.198,2526.725,2514.885,2519.378,8.2593
1725019200000,2519.275,2524.575,2500.135,2502.365,17.5329
1725033600000,2502.365,2505.955,2494.048,2502.208,8.2255
1725048000000,2502.185,2503.398,2501.775,2502.925,0.7215
1725220800000,2502.435,2504.545,2501.195,2502.885,1.0558
1725235200000,2502.875,2504.825,2489.915,2496.165,6.7736
1725249600000,2496.175,2501.285,2495.145,2498.105,5.8524
1725264000000,2498.075,2507.125,2496.995,2499.678,6.8385
1725278400000,2499.645,2503.075,2497.565,2501.495,5.968
1725292800000,2501.505,2501.805,2498.515,2499.228,1.1359
1725307200000,2499.098,2499.855,2496.305,2497.175,0.6702
1725321600000,2497.155,2497.548,2489.534,2494.665,7.7532
1725336000000,2494.655,2501.938,2492.635,2500.725,7.9135
1725350400000,2500.725,2506.165,2484.575,2489.558,8.2673
1725364800000,2489.558,2502.034,2473.245,2488.285,15.9975
1725379200000,2488.285,2494.295,2483.808,2491.978,7.2688
1725393600000,2491.978,2494.524,2491.248,2493.155,1.9929
1725408000000,2493.115,2496.835,2491.155,2494.945,6.4547
1725422400000,2494.955,2496.625,2481.885,2482.045,7.8818
1725436800000,2482.045,2491.085,2471.718,2489.085,11.1754
1725451200000,2489.085,2500.145,2481.915,2493.938,18.8628
1725465600000,2493.915,2497.848,2491.415,2493.275,8.8603
1725480000000,2493.275,2496.825,2492.835,2495.695,2.2469
1725494400000,2495.768,2499.174,2494.355,2494.718,6.5462
1725508800000,2494.708,2507.445,2493.665,2506.325,6.9863
1725523200000,2506.385,2518.258,2505.875,2515.075,7.3403
1725537600000,2515.085,2523.448,2503.805,2507.018,21.2263
1725552000000,2507.015,2516.778,2505.955,2514.778,7.7013
1725566400000,2514.865,2517.828,2514.765,2517.125,1.6567
1725580800000,2517.155,2518.258,2512.895,2518.155,4.5797
1725595200000,2518.155,2521.668,2516.175,2516.408,6.8667
1725609600000,2516.355,2520.205,2514.595,2516.165,7.1897
1725624000000,2516.135,2529.125,2500.375,2505.318,28.165
1725638400000,2505.295,2505.645,2485.015,2495.868,14.2965
1725652800000,2495.838,2497.758,2494.668,2497.035,0.835
1725825600000,2497.098,2498.124,2495.415,2496.745,1.4604
1725840000000,2496.775,2500.365,2494.625,2499.128,5.7765
1725854400000,2499.128,2499.345,2485.405,2494.125,11.7233
1725868800000,2494.195,2499.035,2489.945,2497.128,9.4913
1725883200000,2497.105,2505.098,2493.115,2499.005,16.7349
1725897600000,2498.995,2506.405,2498.995,2505.875,11.0327
1725912000000,2505.865,2507.515,2505.185,2506.625,1.7626
1725926400000,2506.665,2507.358,2501.314,2502.395,7.0913
1725940800000,2502.395,2507.595,2500.618,2502.595,6.8105
1725955200000,2502.565,2509.555,2500.024,2504.498,8.2851
1725969600000,2504.415,2518.304,2500.984,2512.618,16.6661
1725984000000,2512.685,2517.355,2510.585,2517.155,8.9384
1725998400000,2517.155,2518.688,2515.658,2518.555,1.7976
1726012800000,2518.498,2522.415,2514.845,2519.288,8.0503
1726027200000,2519.285,2528.885,2518.455,2521.338,10.6444
1726041600000,2521.325,2527.085,2519.635,2522.105,6.7741
1726056000000,2522.065,2523.368,2500.825,2514.675,33.2264
1726070400000,2514.675,2519.944,2509.675,2512.824,14.17
1726084800000,2512.795,2513.748,2511.015,2511.778,1.6925
1726099200000,2511.775,2515.965,2510.885,2515.715,6.6667
1726113600000,2515.715,2522.195,2514.385,2515.785,7.5078
1726128000000,2515.775,2520.905,2512.905,2519.425,8.0072
1726142400000,2519.435,2555.035,2518.775,2553.154,25.4401
1726156800000,2553.165,2558.985,2544.698,2557.748,14.3948
1726171200000,2557.704,2559.978,2556.538,2558.344,3.4134
1726185600000,2558.334,2569.925,2556.625,2567.805,8.9386
1726200000000,2567.795,2570.888,2563.035,2569.668,9.779
1726214400000,2569.695,2572.825,2563.584,2567.165,14.5582
1726228800000,2567.265,2583.258,2565.935,2582.048,26.6494
1726243200000,2582.095,2585.965,2578.515,2582.518,13.648
1726257600000,2582.515,2582.798,2577.575,2577.615,0.954
1726430400000,2578.725,2580.464,2577.384,2579.025,1.986
1726444800000,2579.015,2588.865,2578.715,2586.225,4.8669
1726459200000,2586.205,2589.515,2579.325,2581.985,8.0002
1726473600000,2581.965,2588.375,2575.115,2582.905,9.6537
1726488000000,2582.925,2589.205,2575.945,2579.735,19.353
1726502400000,2579.768,2583.995,2579.455,2582.438,9.6879
1726516800000,2582.438,2583.805,2581.428,2583.545,1.971
1726531200000,2583.535,2586.165,2576.645,2577.058,6.1141
1726545600000,2577.004,2586.835,2574.395,2583.714,8.1543
1726560000000,2583.714,2584.084,2569.645,2579.745,13.4887
1726574400000,2579.775,2582.115,2561.625,2565.475,16.6954
1726588800000,2565.458,2571.558,2560.984,2568.568,8.8718
1726603200000,2568.578,2574.244,2568.178,2573.885,2.0092
1726617600000,2573.875,2576.314,2569.855,2575.785,7.1142
1726632000000,2575.785,2576.295,2565.715,2571.505,11.4024
1726646400000,2571.515,2580.575,2567.825,2577.285,7.4558
1726660800000,2577.295,2578.708,2567.895,2569.565,13.6046
1726675200000,2569.615,2599.995,2546.645,2548.834,29.6826
1726689600000,2548.754,2561.395,2548.098,2559.175,4.0907
1726704000000,2559.185,2566.558,2551.005,2563.978,11.2174
1726718400000,2563.905,2584.574,2559.435,2584.324,10.9355
1726732800000,2584.324,2594.775,2581.268,2589.315,14.8186
1726747200000,2589.265,2591.105,2569.625,2588.935,22.7408
1726761600000,2589.025,2592.535,2585.798,2588.265,10.4961
1726776000000,2588.245,2589.648,2585.835,2587.135,2.0551
1726790400000,2587.125,2593.475,2584.654,2591.305,8.6804
1726804800000,2591.295,2609.615,2591.185,2607.015,8.2643
1726819200000,2607.014,2615.318,2602.385,2613.608,12.6831
1726833600000,2613.608,2622.835,2602.445,2622.678,32.5591
1726848000000,2622.728,2625.574,2617.785,2620.958,17.1251
1726862400000,2621.008,2622.375,2618.938,2621.504,1.094
1727035200000,2620.915,2622.615,2617.984,2620.165,2.8404
1727049600000,2620.155,2631.035,2615.945,2628.358,8.2957
1727064000000,2628.355,2631.205,2613.685,2615.018,12.3608
1727078400000,2615.018,2625.688,2614.498,2623.955,14.8791
1727092800000,2623.995,2634.715,2619.894,2629.168,21.4452
1727107200000,2629.168,2630.758,2625.575,2626.188,9.0654
1727121600000,2626.138,2628.595,2625.684,2626.205,1.7402
1727136000000,2626.235,2635.995,2623.685,2633.965,9.1825
1727150400000,2633.965,2639.945,2622.475,2628.795,13.2798
1727164800000,2628.785,2636.045,2623.245,2626.275,13.141
1727179200000,2626.295,2648.285,2623.345,2643.025,24.6672
1727193600000,2643.025,2664.204,2642.298,2662.548,16.9295
1727208000000,2662.524,2663.588,2656.334,2658.035,2.8802
1727222400000,2658.035,2670.348,2655.345,2661.385,10.2515
1727236800000,2661.415,2661.545,2651.215,2656.788,12.4096
1727251200000,2656.845,2658.435,2652.615,2657.258,8.8256
1727265600000,2657.258,2667.345,2654.178,2657.574,16.813
1727280000000,2657.574,2662.855,2649.715,2659.638,13.5973
1727294400000,2659.638,2660.178,2656.084,2656.188,2.2385
1727308800000,2656.184,2662.398,2655.268,2662.398,6.965
1727323200000,2662.415,2666.795,2657.855,2664.535,9.4405
1727337600000,2664.535,2685.405,2664.485,2682.665,11.0493
1727352000000,2682.655,2684.105,2654.685,2671.214,34.0766
1727366400000,2671.254,2677.708,2662.744,2673.548,14.9283
1727380800000,2673.598,2673.958,2670.708,2672.495,1.9024
1727395200000,2672.495,2673.855,2666.075,2673.555,10.829
1727409600000,2673.555,2673.785,2660.825,2664.568,14.0891
1727424000000,2664.588,2669.038,2658.198,2665.955,20.9187
1727438400000,2665.975,2674.134,2644.665,2649.635,32.9173
1727452800000,2649.635,2656.145,2643.111,2651.915,15.6726
1727467200000,2651.888,2659.905,2651.038,2657.955,1.0738
1727640000000,2657.935,2664.905,2657.025,2663.418,3.6725
1727654400000,2663.418,2665.858,2647.285,2653.388,13.3245
1727668800000,2653.408,2660.495,2650.588,2650.818,8.5991
1727683200000,2650.788,2656.485,2634.305,2641.475,15.3246
1727697600000,2641.485,2644.065,2628.614,2633.734,18.8265
1727712000000,2633.808,2641.678,2624.538,2630.835,16.178
1727726400000,2630.898,2636.035,2630.615,2635.595,2.3197
1727740800000,2635.595,2639.905,2633.815,2637.845,4.0742
1727755200000,2637.845,2647.318,2637.335,2645.485,6.354
1727769600000,2645.505,2651.955,2642.295,2650.178,9.8475
1727784000000,2650.115,2671.735,2647.865,2663.315,22.9466
1727798400000,2663.275,2672.908,2657.425,2658.588,14.0724
1727812800000,2658.565,2663.855,2657.755,2660.218,1.8613
1727827200000,2660.195,2661.878,2654.955,2655.238,7.4564
1727841600000,2655.205,2656.355,2644.395,2655.315,8.0042
1727856000000,2655.315,2655.715,2647.845,2649.448,8.218
1727870400000,2649.465,2663.194,2640.954,2649.835,16.4904
1727884800000,2649.835,2658.838,2647.095,2658.498,8.685
1727899200000,2658.504,2661.064,2657.725,2660.135,2.5625
1727913600000,2660.135,2662.775,2653.175,2655.878,6.459
1727928000000,2655.908,2657.315,2643.304,2645.145,7.4569
1727942400000,2645.068,2648.935,2640.895,2647.935,7.3349
1727956800000,2647.948,2654.435,2636.255,2648.735,14.4295
1727971200000,2648.805,2662.008,2648.455,2657.815,8.1764
1727985600000,2657.815,2657.815,2654.178,2655.615,1.5489
1728000000000,2655.655,2663.474,2655.315,2660.985,5.0791
1728014400000,2660.965,2667.675,2658.605,2660.888,6.2529
1728028800000,2660.865,2662.455,2656.755,2661.205,5.714
1728043200000,2661.185,2670.065,2632.068,2653.045,23.9357
1728057600000,2653.045,2653.685,2641.755,2651.458,10.7161
1728072000000,2651.495,2653.835,2649.705,2653.545,1.111
1728244800000,2650.375,2652.615,2648.875,2650.055,2.0929
1728259200000,2650.125,2651.778,2643.708,2647.255,7.1086
1728273600000,2647.255,2652.695,2639.605,2651.925,6.8613
1728288000000,2651.975,2659.465,2650.565,2656.835,9.4615
1728302400000,2656.868,2659.155,2637.688,2645.608,14.4116
1728316800000,2645.608,2648.635,2639.505,2643.148,6.9674
1728331200000,2643.058,2648.975,2641.595,2642.855,3.1271
1728345600000,2642.895,2648.095,2633.665,2642.805,12.7535
1728360000000,2642.805,2646.335,2631.025,2633.815,7.684
1728374400000,2633.845,2651.835,2628.425,2650.615,9.5586
1728388800000,2650.695,2652.885,2604.575,2612.825,28.8947
1728403200000,2612.805,2623.485,2605.325,2622.815,13.8132
1728417600000,2622.905,2623.665,2618.785,2621.865,2.9122
1728432000000,2621.835,2624.085,2614.735,2617.085,8.5767
1728446400000,2617.085,2624.165,2608.974,2611.515,11.029
1728460800000,2611.538,2622.258,2610.345,2618.885,5.7439
1728475200000,2618.908,2622.225,2605.185,2614.705,14.6847
1728489600000,2614.715,2615.645,2605.045,2609.038,7.2065
1728504000000,2609.055,2609.298,2606.788,2608.645,1.3779
1728518400000,2606.925,2616.785,2605.785,2611.615,9.6902
1728532800000,2611.545,2616.915,2610.125,2616.605,6.925
1728547200000,2616.635,2618.778,2611.135,2612.915,7.6171
1728561600000,2612.915,2629.564,2601.734,2623.475,33.7382
1728576000000,2623.505,2631.308,2616.365,2629.048,12.7126
1728590400000,2629.078,2635.855,2627.995,2633.005,2.6838
1728604800000,2633.065,2645.958,2631.975,2645.364,10.2044
1728619200000,2645.355,2647.075,2637.868,2645.245,7.4306
1728633600000,2645.265,2646.065,2636.025,2644.585,5.7958
1728648000000,2644.535,2659.098,2640.465,2658.655,17.7253
1728662400000,2658.635,2661.258,2655.148,2656.028,6.8395
1728676800000,2656.015,2657.175,2654.598,2656.835,0.6439
1728849600000,2656.298,2656.775,2644.985,2647.865,3.1363
1728864000000,2647.935,2657.285,2643.058,2655.445,8.252
1728878400000,2655.435,2666.705,2655.145,2660.298,6.1832
1728892800000,2660.295,2662.885,2650.935,2651.995,5.7611
1728907200000,2651.995,2661.065,2643.835,2646.625,14.194
1728921600000,2646.645,2652.498,2645.735,2652.348,3.5275
1728936000000,2652.385,2653.198,2646.025,2649.255,1.3934
1728950400000,2649.255,2652.608,2644.265,2645.555,8.4273
1728964800000,2645.555,2653.765,2637.955,2650.615,8.5337
1728979200000,2650.555,2656.645,2645.505,2647.595,10.6711
1728993600000,2647.595,2665.005,2645.905,2664.515,19.1622
1729008000000,2664.525,2668.805,2658.875,2661.598,10.2763
1729022400000,2661.554,2663.005,2660.138,2660.345,1.5729
1729036800000,2660.275,2669.935,2658.558,2667.025,8.2882
1729051200000,2667.165,2677.545,2665.475,2676.005,10.0326
1729065600000,2675.844,2682.648,2673,2678.245,7.1147
1729080000000,2678.345,2685.298,2667.448,2669.878,17.5714
1729094400000,2669.878,2676.524,2666.645,2674.698,5.999
1729108800000,2674.605,2674.868,2673.015,2673.998,1.2735
1729123200000,2674.035,2684.755,2673.955,2676.614,12.4348
1729137600000,2676.615,2685.645,2676.385,2681.865,9.0227
1729152000000,2681.865,2688.668,2676.794,2681.198,6.5526
1729166400000,2681.165,2696.605,2672.914,2693.158,22.6621
1729180800000,2693.145,2694.055,2683.795,2691.975,8.7775
1729195200000,2691.975,2694.295,2690.828,2693.635,1.5866
1729209600000,2693.665,2711.815,2692.745,2709.885,12.2238
1729224000000,2709.885,2713.888,2702.158,2702.188,14.0083
1729238400000,2702.188,2713.085,2701.615,2709.705,10.8646
1729252800000,2709.705,2720.005,2704.815,2714.708,20.4499
1729267200000,2714.705,2721.178,2713.418,2719.548,7.5014
1729281600000,2719.564,2722.405,2719.075,2721.105,0.9868
1729454400000,2720.098,2724.915,2719.448,2723.315,1.9938
1729468800000,2723.395,2732.675,2720.908,2731.425,13.4292
1729483200000,2731.385,2732.348,2723.465,2730.258,12.4144
1729497600000,2730.275,2737.938,2727.628,2734.368,12.0412
1729512000000,2734.335,2740.418,2716.775,2720.018,19.7977
1729526400000,2720.018,2725.465,2714.165,2719.764,11.4484
1729540800000,2719.775,2722.485,2718.695,2721.325,1.6502
1729555200000,2721.325,2732.985,2720.505,2730.868,7.5962
1729569600000,2730.795,2737.025,2728.875,2733.545,9.4656
1729584000000,2733.494,2739.238,2729.438,2731.885,11.8152
1729598400000,2731.905,2744.085,2731.465,2737.455,16.8305
1729612800000,2737.435,2748.748,2737.058,2748.245,10.7463
1729627200000,2748.245,2748.775,2745.755,2746.408,2.0285
1729641600000,2746.385,2747.065,2737.765,2745.955,10.6215
1729656000000,2745.955,2755.485,2745.215,2754.855,9.2957
1729670400000,2754.815,2758.338,2749.015,2749.785,11.5359
1729684800000,2749.785,2750.355,2708.635,2721.625,33.0147
1729699200000,2721.635,2723.135,2712,2716.095,10.9889
1729713600000,2716.095,2721.755,2714.095,2721.178,2.2147
1729728000000,2721.165,2726.695,2717.704,2722.805,10.7264
1729742400000,2722.805,2736.948,2722.695,2733.475,6.9958
1729756800000,2733.475,2739.475,2732.355,2738.475,7.9723
1729771200000,2738.455,2743.175,2722.385,2730.965,24.5527
1729785600000,2730.965,2737.638,2725.628,2736.898,13.3746
1729800000000,2736.998,2736.998,2733.495,2733.688,1.8982
1729814400000,2733.658,2735.008,2724.295,2725.885,9.4446
1729828800000,2725.875,2732.425,2723.805,2726.325,9.4666
1729843200000,2726.375,2729.245,2716.885,2724.068,10.2193
1729857600000,2724.065,2741.968,2723.125,2737.038,18.1185
1729872000000,2736.965,2744.905,2733.825,2742.428,10.0836
1729886400000,2742.388,2747.635,2742.335,2746.625,1.0493
1730059200000,2735.698,2740.095,2730.115,2735.655,3.9385
1730073600000,2735.695,2736.185,2724.545,2729.555,11.4394
1730088000000,2729.525,2744.445,2729.048,2738.745,10.4511
1730102400000,2738.745,2740.705,2727.715,2732.165,11.6403
1730116800000,2732.135,2745.788,2731.248,2740.688,18.7494
1730131200000,2740.658,2744.865,2739.935,2742.388,8.2425
1730145600000,2742.378,2744.335,2739.605,2744.285,2.0015
1730160000000,2744.315,2757.615,2743.115,2751.625,10.7639
1730174400000,2751.585,2756.718,2748.845,2752.348,7.629
1730188800000,2752.324,2756.465,2746.225,2751.738,13.8766
1730203200000,2751.738,2771.605,2748.045,2764.165,20.4689
1730217600000,2764.165,2774.695,2764.105,2772.098,10.5948
1730232000000,2772.118,2775.265,2771.735,2774.885,2.0958
1730246400000,2774.925,2781.995,2774.735,2778.845,12.2907
1730260800000,2778.845,2789.668,2777.245,2782.155,10.2612
1730275200000,2782.135,2786.388,2778.128,2778.508,10.1046
1730289600000,2778.455,2787.365,2770.795,2784.535,21.7998
1730304000000,2784.565,2789.925,2782.898,2787.195,9.5233
1730318400000,2787.258,2788.014,2784.675,2785.258,2.1121
1730332800000,2785.274,2790.005,2783.495,2784.428,8.6138
1730347200000,2784.475,2786.455,2777.955,2781.895,9.477
1730361600000,2781.925,2782.938,2773.198,2779.375,14.3547
1730376000000,2779.365,2781.865,2731.415,2740.505,31.4615
1730390400000,2740.505,2749.608,2737.858,2746.348,13.296
1730404800000,2746.348,2748.085,2743.185,2746.545,2.4292
1730419200000,2746.545,2751.805,2744.695,2751.625,11.2623
1730433600000,2751.625,2757.535,2747.055,2749.555,10.23
1730448000000,2749.535,2755.345,2744.685,2752.795,11.1942
1730462400000,2752.815,2762.048,2739.575,2744.635,23.2567
1730476800000,2744.625,2746.005,2733.095,2734.035,22.5344
1730491200000,2734.025,2736.675,2733.168,2735.895,2.0197
1730664000000,2733.298,2740.215,2730,2738.235,1.7413
1730678400000,2738.205,2742.315,2735.185,2740.845,8.3913
1730692800000,2740.825,2744.675,2735.008,2735.695,7.7152
1730707200000,2735.685,2745.105,2731.765,2740.515,9.0609
1730721600000,2740.515,2748.015,2737.565,2738.385,15.0792
1730736000000,2738.385,2739.558,2731.638,2738.178,10.3631
1730750400000,2738.154,2738.495,2735.698,2735.855,3.4629
1730764800000,2735.895,2736.515,2724.695,2735.165,9.6911
1730779200000,2735.165,2741.235,2731.605,2736.305,8.9903
1730793600000,2736.335,2744.935,2731.958,2741.595,10.7824
1730808000000,2741.585,2749.875,2732.908,2741.925,17.2768
1730822400000,2741.925,2744.425,2736.235,2740.345,9.2467
1730836800000,2740.345,2746.215,2739.495,2745.495,3.9243
1730851200000,2745.485,2749.605,2730.425,2734.115,23.6324
1730865600000,2734.105,2743.438,2701.245,2725.634,21.7102
1730880000000,2725.505,2733.598,2695.935,2699.205,16.223
1730894400000,2699.015,2707.885,2652.295,2675.675,36.6187
1730908800000,2675.675,2678.095,2661.515,2666.934,10.7465
1730923200000,2666.934,2667.635,2658.375,2663.875,4.6661
1730937600000,2663.885,2664.075,2643.134,2659.095,14.9086
1730952000000,2659.095,2667.505,2652.635,2663.145,11.37
1730966400000,2663.204,2668.255,2657.265,2666.174,11.7968
1730980800000,2666.174,2700.038,2664.174,2698.725,22.0345
1730995200000,2698.695,2700.225,2687.405,2694.175,16.8219
1731009600000,2694.195,2710.244,2692.715,2706.785,7.611
1731024000000,2706.735,2710.235,2693.928,2695.035,10.1942
1731038400000,2695.004,2696.165,2680.215,2687.295,13.3978
1731052800000,2687.315,2694.815,2681.865,2691.795,15.6087
1731067200000,2691.765,2703.935,2683.275,2687.355,23.9368
1731081600000,2687.355,2689.165,2682.785,2686.925,15.2028
1731096000000,2686.884,2688.425,2682.695,2684.035,1.949
1731268800000,2683.898,2685.515,2678.898,2685.465,1.1777
1731283200000,2685.495,2686.025,2666.375,2670.105,11.5041
1731297600000,2670.085,2674.115,2666.875,2669.455,12.7499
1731312000000,2669.465,2675.225,2658.875,2662.445,16.4086
1731326400000,2662.455,2662.995,2613.325,2614.395,31.8955
1731340800000,2614.395,2620.525,2610.515,2619.115,12.1723
1731355200000,2619.165,2626.075,2618.598,2623.855,2.652
1731369600000,2623.855,2627.015,2618.645,2618.805,7.9827
1731384000000,2618.795,2618.998,2595.074,2598.125,14.4293
1731398400000,2598.125,2606.345,2589.508,2597.695,8.5155
1731412800000,2597.725,2616.885,2597.245,2598.365,18.7908
1731427200000,2598.385,2603.988,2592.305,2598.035,10.9804
1731441600000,2598.025,2601.235,2594.998,2598.775,2.3806
1731456000000,2598.805,2613.118,2597.915,2611.485,11.1533
1731470400000,2611.475,2612.235,2603.408,2606.058,9.3101
1731484800000,2606.108,2611.515,2600.894,2610.715,10.8938
1731499200000,2610.715,2618.628,2593.565,2605.325,24.1912
1731513600000,2605.325,2605.865,2577.545,2580.785,18.0819
1731528000000,2580.795,2581.198,2569.175,2570.694,4.7912
1731542400000,2570.698,2574.515,2558.785,2560.555,13.9934
1731556800000,2560.535,2565.115,2550.255,2556.824,12.2296
1731571200000,2556.804,2559.664,2536.664,2553.515,19.0717
1731585600000,2553.495,2572.905,2549.955,2570.115,30.4146
1731600000000,2570.155,2577.315,2567.025,2575.885,16.7169
1731614400000,2575.915,2576.325,2563.738,2566.775,7.7598
1731628800000,2566.745,2571.585,2562.914,2567.574,8.8004
1731643200000,2567.574,2569.405,2554.335,2563.625,8.2992
1731657600000,2563.625,2573.158,2560.715,2570.594,13.9432
1731672000000,2570.594,2575.908,2561.005,2570.675,32.9979
1731686400000,2570.685,2573.165,2559.408,2563.705,20.1987
1731700800000,2563.725,2563.765,2559.595,2562.715,4.1872
1731873600000,2564.258,2575.338,2563.835,2571.255,1.8179
1731888000000,2571.245,2597.155,2569.735,2589.825,14.6562
1731902400000,2589.825,2593.035,2580.284,2582.695,10.5107
1731916800000,2582.625,2597.185,2581.925,2594.215,11.8454
1731931200000,2594.155,2613.218,2590.195,2612.835,16.4257
1731945600000,2612.885,2614.955,2607.215,2609.695,10.4798
1731960000000,2609.695,2612.925,2608.095,2612.435,4.326
1731974400000,2612.495,2625.408,2610.905,2624.298,11.1281
1731988800000,2624.308,2626.515,2617.625,2618.965,6.6135
1732003200000,2618.915,2636.375,2618.564,2629.435,14.376
1732017600000,2629.465,2639.325,2620.935,2624.315,27.9269
1732032000000,2624.405,2632.998,2622.195,2630.605,12.6399
1732046400000,2630.595,2635.355,2630.315,2635.015,3.9438
1732060800000,2635.015,2641.665,2634.555,2637.805,8.9174
1732075200000,2637.895,2638.655,2621.115,2621.425,12.8792
1732089600000,2621.425,2628.035,2618.705,2627.945,11.0144
1732104000000,2627.945,2648.765,2626.905,2648.708,16.3718
1732118400000,2648.684,2655.275,2645.295,2650.754,11.2295
1732132800000,2650.725,2652.765,2647.215,2652.025,5.8612
1732147200000,2652.055,2660.285,2650.284,2656.735,11.3586
1732161600000,2656.715,2664.535,2654.435,2662.985,6.8352
1732176000000,2662.985,2673.385,2661.885,2671.335,13.3927
1732190400000,2671.308,2671.595,2660.315,2667.505,19.1292
1732204800000,2667.544,2673.308,2661.158,2669.535,10.1195
1732219200000,2669.555,2671.755,2667.915,2669.018,3.6695
1732233600000,2669.008,2690.375,2668.718,2686.065,15.5677
1732248000000,2686.065,2698.875,2682.835,2696.345,12.797
1732262400000,2696.375,2710.035,2693.375,2698.705,19.0653
1732276800000,2698.685,2704.955,2684.325,2703.545,26.8839
1732291200000,2703.545,2711.365,2700.745,2708.085,14.9003
1732305600000,2708.075,2716.165,2704.975,2715.805,4.7263
1732478400000,2713.375,2721.185,2691.251,2719.725,2.1273
1732492800000,2719.705,2719.975,2658.824,2672.095,22.1683
1732507200000,2672.064,2676.185,2658.064,2667.675,15.4135
1732521600000,2667.705,2688.595,2667.015,2686.685,10.3445
1732536000000,2686.725,2687.785,2626.135,2628.205,22.5035
1732550400000,2628.205,2639.265,2615.455,2625.635,10.7699
1732564800000,2625.634,2628.625,2605.085,2610.355,6.2126
1732579200000,2610.365,2632.085,2608.498,2630.225,13.5882
1732593600000,2630.245,2631.298,2610.668,2613.905,11.4831
1732608000000,2613.905,2633.105,2612.375,2633.105,15.9441
1732622400000,2633.135,2641.774,2616.568,2629.415,23.2362
1732636800000,2629.485,2631.345,2619.414,2627.985,13.8091
1732651200000,2628.004,2633.995,2627.405,2632.105,4.5791
1732665600000,2632.145,2640.475,2626.935,2637.655,9.9036
1732680000000,2637.675,2648.275,2636.555,2646.464,13.9774
1732694400000,2646.435,2653.715,2643.074,2650.984,18.147
1732708800000,2650.984,2658.098,2635.364,2642.508,18.913
1732723200000,2642.504,2644.178,2633.898,2634.665,13.1541
1732737600000,2634.615,2638.905,2634.235,2636.935,3.3898
1732752000000,2637.005,2638.315,2620.815,2630.134,14.8119
1732766400000,2630.125,2639.458,2629.165,2637.215,7.4063
1732780800000,2637.155,2649.518,2635.585,2646.785,8.673
1732795200000,2646.795,2647.805,2636.165,2638.025,12.0267
1732809600000,2638.015,2642.345,2637.175,2637.215,3.506
1732824000000,2637.505,2639.105,2637.075,2638.615,0.5859
1732838400000,2638.615,2662.605,2633.925,2659.908,13.5713
1732852800000,2659.864,2666.195,2658.245,2660.435,9.83
1732867200000,2660.445,2665.775,2654.378,2659.495,8.6437
1732881600000,2659.495,2664.875,2650.495,2658.745,16.4913
1732896000000,2658.735,2662.145,2648.525,2649.945,8.5107
1733083200000,2653.075,2653.115,2642.975,2645.595,1.3594
1733097600000,2645.748,2647.545,2622.765,2629.205,15.0101
1733112000000,2629.205,2633.495,2622,2629.735,9.4262
1733126400000,2629.735,2646.205,2626.458,2641.674,12.0997
1733140800000,2641.674,2651.648,2636.878,2642.185,20.0975
1733155200000,2642.185,2644.265,2633.425,2637.505,13.2676
1733169600000,2637.475,2644.115,2635.175,2642.095,2.8405
1733184000000,2642.145,2645.125,2633.965,2640.375,14.0013
1733198400000,2640.375,2649.924,2636.985,2644.565,11.8714
1733212800000,2644.525,2647.955,2639.115,2643.535,12.1813
1733227200000,2643.525,2655.528,2635.115,2640.335,22.4786
1733241600000,2640.305,2649.005,2638.825,2640.875,17.8808
1733256000000,2640.875,2644.155,2640.545,2642.595,4.3924
1733270400000,2642.605,2648.075,2637.575,2644.355,11.0752
1733284800000,2644.335,2651.285,2640.185,2641.335,8.002
1733299200000,2641.335,2647.585,2636.515,2646.075,9.1308
1733313600000,2646.085,2656.998,2632.315,2654.885,26.4047
1733328000000,2654.865,2655.445,2646.695,2651.505,13.859
1733342400000,2651.525,2651.755,2647.985,2650.178,4.3183
1733356800000,2650.208,2650.625,2644.595,2648.755,10.4394
1733371200000,2648.735,2655.445,2645.224,2648.605,10.5332
1733385600000,2648.595,2652.535,2641.755,2651.245,9.9561
1733400000000,2651.265,2654.418,2631.885,2640.145,27.0654
1733414400000,2640.125,2643.255,2623.385,2629.755,15.6187
1733428800000,2629.725,2633.725,2627.935,2633.635,3.9984
1733443200000,2633.625,2642.405,2612.585,2640.655,16.0409
1733457600000,2640.655,2644.405,2635.165,2639.615,8.8584
1733472000000,2639.615,2645.535,2632.295,2638.295,10.4302
1733486400000,2638.295,2643.185,2623.864,2637.455,19.9641
1733500800000,2637.475,2641.495,2632.885,2634.695,6.5012
1733515200000,2634.715,2636.245,2630.955,2632.664,1.2213
1733688000000,2646.52,2648.105,2636.148,2639.935,1.3338
1733702400000,2639.925,2650.515,2627.455,2638.694,17.94
1733716800000,2638.695,2651.125,2634.505,2650.445,9.7079
1733731200000,2650.465,2660.345,2645.915,2656.145,7.0998
1733745600000,2656.115,2676.255,2653.175,2668.165,19.4262
1733760000000,2668.165,2670.445,2658.755,2660.075,12.2305
1733774400000,2660.075,2661.475,2656.675,2660.435,3.7669
1733788800000,2660.415,2671.575,2657.805,2669.805,9.0732
1733803200000,2669.855,2673.625,2663.525,2664.468,9.9542
1733817600000,2664.465,2676.675,2661.064,2674.425,9.6714
1733832000000,2674.465,2691.634,2672.205,2687.205,17.366
1733846400000,2687.184,2695.378,2684.525,2691.798,13.191
1733860800000,2691.798,2698.195,2690.755,2695.798,4.5372
1733875200000,2695.835,2704.098,2691.684,2695.435,14.0459
1733889600000,2695.344,2697.538,2674.345,2689.534,12.6632
1733904000000,2689.534,2699.585,2685.724,2696.364,19.237
1733918400000,2696.374,2715.855,2690.334,2712.994,28.9355
1733932800000,2713.034,2721.005,2710.904,2717.945,29.5021
1733947200000,2717.935,2720.185,2715.885,2719.835,4.8914
1733961600000,2720.354,2726.105,2697.885,2710.465,10.8132
1733976000000,2710.445,2720.315,2709.565,2715.944,11.3684
1733990400000,2715.914,2719.325,2707.165,2710.685,18.0178
1734004800000,2710.685,2712.205,2675.055,2679.584,32.5544
1734019200000,2679.535,2686.855,2677.124,2682.864,16.7016
1734033600000,2682.764,2683.425,2679.235,2680.565,5.4889
1734048000000,2680.534,2692.595,2678.675,2687.885,14.8703
1734062400000,2687.834,2690.324,2680.845,2682.965,14.3459
1734076800000,2682.945,2684.615,2664.118,2664.705,17.1074
1734091200000,2664.655,2672.805,2654.525,2659.755,20.2576
1734105600000,2659.674,2664.415,2651.905,2652.765,14.1443
1734120000000,2652.765,2653.345,2645.945,2647.385,3.0394
1734292800000,2649.098,2652.845,2648.548,2651.345,0.9201
1734307200000,2651.285,2655.448,2643.374,2653.618,12.2733
1734321600000,2653.618,2655.765,2649.374,2653.598,11.1485
1734336000000,2653.635,2663.975,2652.028,2663.385,10.5605
1734350400000,2663.405,2664.248,2650.695,2654.214,20.6479
1734364800000,2654.255,2655.618,2648.475,2653.125,7.7889
1734379200000,2653.125,2653.435,2651.345,2651.565,4.0347
1734393600000,2651.565,2658.465,2651.015,2653.435,9.1687
1734408000000,2653.465,2656.948,2646.294,2653.565,11.2792
1734422400000,2653.565,2653.565,2635.994,2642.085,17.7175
1734436800000,2642.085,2646.748,2632.795,2640.005,19.448
1734451200000,2639.995,2648.865,2636.464,2645.195,10.723
1734465600000,2645.248,2647.498,2642.874,2647.198,2.7522
1734480000000,2647.165,2651.525,2645.018,2645.555,11.6684
1734494400000,2645.554,2649.348,2642.555,2644.545,9.8061
1734508800000,2644.495,2649.535,2641.945,2645.995,9.1456
1734523200000,2645.985,2647.705,2634,2638.075,26.7645
1734537600000,2638.085,2639.895,2603.975,2604.435,43.6464
1734552000000,2604.465,2609.235,2582.264,2587.948,12.1271
1734566400000,2587.948,2617.948,2587.784,2610.285,12.8505
1734580800000,2610.285,2622.435,2603.195,2616.355,10.8547
1734595200000,2616.355,2626.325,2613.035,2616.584,13.4831
1734609600000,2616.554,2616.554,2586.815,2588.315,28.8427
1734624000000,2588.244,2600.925,2587.055,2596.645,22.3568
1734638400000,2596.635,2600.225,2592.168,2593.385,3.744
1734652800000,2593.365,2603.825,2589.475,2598.345,13.8323
1734667200000,2598.355,2607.365,2596.335,2606.175,6.2961
1734681600000,2606.155,2607.598,2599.904,2603.545,9.6661
1734696000000,2603.485,2631.004,2599.715,2630.164,19.3775
1734710400000,2630.185,2631.698,2622.035,2627.775,15.9852
1734724800000,2627.745,2627.905,2619.065,2622.435,3.2105
1734897600000,2623.698,2624.545,2621.224,2624.098,0.9314
1734912000000,2624.245,2627.255,2617.285,2623.855,10.36
1734926400000,2623.704,2633.135,2623.645,2630.145,8.8903
1734940800000,2630.055,2631.955,2612.908,2616.125,14.1686
1734955200000,2616.085,2619.795,2609.195,2609.605,19.2271
1734969600000,2609.625,2616.394,2608.055,2610.848,13.0713
1734984000000,2610.824,2616.975,2608.955,2615.348,2.5717
1734998400000,2615.348,2619.755,2613.365,2618.685,8.2179
1735012800000,2618.695,2621.205,2616.275,2618.298,6.539
1735027200000,2618.298,2619.655,2612.155,2614.875,7.7592
1735041600000,2614.948,2617.065,2609.935,2611.625,12.1999
1735056000000,2611.625,2619.245,2611.425,2616.348,6.3352
1735156800000,2619.205,2619.825,2614.248,2618.205,0.6624
1735171200000,2618.274,2628.915,2618.205,2626.658,8.3976
1735185600000,2626.648,2629.498,2623.435,2625.198,6.1136
1735200000000,2625.298,2629.808,2624.934,2627.738,4.492
1735214400000,2627.738,2638.975,2621.598,2636.304,13.474
1735228800000,2636.358,2636.585,2627.818,2634.765,9.4273
1735243200000,2634.775,2636.205,2630.425,2632.478,3.2538
1735257600000,2632.348,2635.348,2628.765,2633.685,9.0853
1735272000000,2633.675,2638.105,2631.148,2633.435,6.7116
1735286400000,2633.384,2633.384,2623.248,2628.495,9.1518
1735300800000,2628.585,2631.395,2611.285,2617.945,18.2441
1735315200000,2617.944,2621.234,2613.854,2620.554,7.8193
1735329600000,2620.604,2621.598,2612.448,2621.348,2.2564
1735502400000,2620.154,2625.998,2618.914,2623.748,0.7497
1735516800000,2623.904,2627.985,2621.225,2626.358,6.4539
1735531200000,2626.358,2626.358,2615.605,2616.535,7.2371
1735545600000,2616.535,2618.425,2608.975,2616.125,10.7948
1735560000000,2616.055,2622.425,2599.365,2601.375,24.8194
1735574400000,2601.335,2608.225,2595.905,2607.085,20.6336
1735588800000,2607.085,2609.365,2603.548,2606.548,4.462
1735603200000,2606.504,2611.375,2603.305,2604.418,6.9778
1735617600000,2604.418,2613.965,2602.475,2613.555,6.0355
1735632000000,2613.615,2617.595,2609.615,2610.825,7.4404
1735646400000,2610.795,2626.475,2605.195,2625.614,14.8371
1735660800000,2625.614,2627.364,2622.064,2623.665,9.9015
1735675200000,2623.605,2624.835,2621.924,2624.255,1.6346
1735761600000,2625.098,2626.005,2621.475,2623.555,0.7685
1735776000000,2623.655,2636.298,2622.448,2633.448,8.8358
1735790400000,2633.468,2636.284,2630.858,2635.848,7.0938
1735804800000,2635.704,2646.098,2630.985,2641.665,12.0061
1735819200000,2641.704,2655.715,2635.865,2653.948,19.3565
1735833600000,2653.904,2660.374,2649.794,2654.635,14.1707
1735848000000,2654.564,2660.375,2653.985,2658.295,4.0895
1735862400000,2658.275,2665.185,2656.025,2662.155,10.1597
1735876800000,2662.125,2664.195,2651.708,2654.045,8.8165
1735891200000,2654.045,2659.155,2649.795,2657.425,12.3682
1735905600000,2657.415,2658.225,2640.835,2643.755,21.787
1735920000000,2643.635,2647.085,2639,2639.248,9.5781
1735934400000,2639.248,2640.555,2636.625,2639.898,1.6992
1736107200000,2639.298,2642.235,2638.815,2640.848,1.0754
1736121600000,2640.835,2647.275,2638.425,2640.065,8.0276
1736136000000,2640.055,2640.605,2625.035,2626.705,9.5903
1736150400000,2626.705,2649.305,2625.575,2645.425,11.5108
1736164800000,2645.425,2648.668,2614.365,2634.195,22.0449
1736179200000,2634.275,2641.148,2632.385,2634.168,16.6071
1736193600000,2634.165,2636.935,2632.985,2634.465,4.6453
1736208000000,2634.548,2641.105,2632.775,2639.378,5.5382
1736222400000,2639.378,2646.515,2636.855,2640.348,7.856
1736236800000,2640.348,2648.478,2639.885,2648.255,10.4854
1736251200000,2648.198,2664.098,2642.035,2647.585,21.4695
1736265600000,2647.545,2655.848,2646.225,2649.055,9.8693
1736280000000,2649.054,2651.285,2646.965,2649.555,3.9617
1736294400000,2649.465,2651.375,2645.395,2646.615,8.9197
1736308800000,2646.575,2654.255,2645.095,2652.448,6.7661
1736323200000,2652.448,2654.995,2647.454,2650.595,10.7607
1736337600000,2650.605,2667.648,2645.674,2665.698,22.7817
1736352000000,2665.698,2669.844,2649.114,2658.174,15.0499
1736366400000,2658.145,2663.945,2658.145,2662.475,3.77
1736380800000,2662.475,2662.698,2656.155,2659.235,7.7736
1736395200000,2659.235,2666.775,2655.305,2662.218,9.4603
1736409600000,2662.164,2673.165,2660.268,2669.954,12.8594
1736424000000,2669.954,2678.395,2667.004,2668.058,15.9289
1736438400000,2668.058,2672.324,2662.548,2670.034,12.5179
1736452800000,2669.994,2671.275,2668.325,2669.795,2.923
1736467200000,2669.865,2674.585,2668.728,2673.565,9.7208
1736481600000,2673.568,2678.575,2671.385,2676.025,8.4116
1736496000000,2676.025,2682.938,2675.585,2681.178,13.9623
1736510400000,2681.034,2697.654,2663.205,2692.434,32.2312
1736524800000,2692.404,2697.709,2684.348,2685.635,25.0262
1736539200000,2685.635,2693.648,2683.948,2689.755,3.3013
1736712000000,2690.155,2690.868,2687.189,2690.868,1.1415
1736726400000,2690.819,2693.245,2679.145,2687.865,13.3747
1736740800000,2687.875,2691.235,2683.085,2684.929,9.3682
1736755200000,2684.929,2689.459,2675.205,2675.648,17.6659
1736769600000,2675.599,2676.868,2660.849,2661.478,22.4959
1736784000000,2661.439,2667.875,2656.615,2658.795,16.8843
1736798400000,2658.785,2669.215,2658.715,2667.675,4.7682
1736812800000,2667.675,2672.105,2666.059,2669.625,9.7022
1736827200000,2669.595,2675.155,2666.985,2669.005,8.0011
1736841600000,2669.175,2674.255,2664.439,2669.025,10.9995
1736856000000,2669.025,2674.148,2659.645,2671.478,19.5901
1736870400000,2671.499,2676.075,2666.495,2674.088,15.0142
1736884800000,2674.009,2679.198,2671.675,2675.415,5.1154
1736899200000,2675.455,2676.075,2669.315,2675.935,8.3905
1736913600000,2675.915,2684.005,2673.945,2681.175,6.56
1736928000000,2681.175,2688.925,2681.045,2686.725,11.9616
1736942400000,2686.705,2695.925,2676.439,2678.255,25.3985
1736956800000,2678.255,2695.048,2676.765,2693.998,14.2542
1736971200000,2693.899,2697.448,2693.129,2694.625,3.0371
1736985600000,2694.625,2702.008,2692.648,2696.955,11.0252
1737000000000,2696.929,2699.815,2689.725,2698.028,7.5358
1737014400000,2698.178,2711.045,2696.895,2706.195,12.0583
1737028800000,2706.129,2719.445,2699.969,2716.719,25.6767
1737043200000,2716.738,2724.565,2714.498,2715.115,18.1602
1737057600000,2715.105,2716.965,2712.195,2714.448,4.1514
1737072000000,2714.355,2717.375,2709.725,2715.275,7.3213
1737086400000,2715.275,2716.385,2708.525,2710.395,10.1918
1737100800000,2710.465,2712.725,2702.669,2707.889,11.0895
1737115200000,2707.885,2715.005,2702.555,2714.155,17.1068
1737129600000,2714.275,2717.185,2702.685,2703.035,11.0625
1737144000000,2703.015,2704.035,2698.445,2702.645,2.6963
1737316800000,2701.105,2702.765,2690.875,2696.245,1.8328
1737331200000,2696.185,2703.835,2689.308,2703.345,8.8262
1737345600000,2703.345,2713.655,2702.025,2703.435,7.9694
1737360000000,2703.435,2712.445,2702.739,2708.165,7.2565
1737374400000,2708.145,2711.835,2701.498,2706.795,12.0848
1737388800000,2706.705,2710.955,2703.185,2707.248,5.0634
1737403200000,2706.055,2711.065,2705.855,2710.205,0.806
1737417600000,2710.179,2726.785,2702.745,2724.265,14.0903
1737432000000,2724.275,2732.725,2722.465,2729.575,11.2407
1737446400000,2729.535,2729.535,2716.345,2723.885,13.8596
1737460800000,2723.865,2740.285,2721.665,2738.645,10.4839
1737475200000,2738.615,2745.848,2737.595,2742.605,4.9908
1737489600000,2742.565,2745.725,2739.875,2744.058,3.1059
1737504000000,2744.058,2750.865,2742.455,2750.188,8.4387
1737518400000,2750.188,2758.475,2745.425,2748.265,12.3915
1737532800000,2748.265,2763.205,2746.635,2756.208,7.1226
1737547200000,2756.208,2761.648,2750.148,2759.235,12.9996
1737561600000,2759.265,2760.175,2754.765,2755.165,5.4707
1737576000000,2755.135,2756.935,2753.548,2755.188,2.7726
1737590400000,2755.098,2756.088,2749.385,2749.875,11.0204
1737604800000,2749.845,2755.398,2749.675,2752.645,10.7429
1737619200000,2752.705,2754.685,2740.898,2751.668,10.0796
1737633600000,2751.678,2753.205,2735.665,2746.225,16.2445
1737648000000,2746.218,2758.655,2744.015,2753.945,14.2066
1737662400000,2753.975,2755.395,2751.078,2754.365,4.5883
1737676800000,2754.375,2777.215,2754.075,2772.245,11.1431
1737691200000,2772.238,2778.115,2770.365,2772.425,11.6074
1737705600000,2772.465,2779.955,2769.885,2776.495,7.4599
1737720000000,2776.515,2785.825,2773.595,2775.715,18.0283
1737734400000,2775.708,2777.405,2769.708,2774.525,12.4934
1737748800000,2774.555,2774.685,2769.805,2769.805,2.1092
1737921600000,2770.305,2770.405,2764.455,2767.285,1.6954
1737936000000,2767.278,2772.415,2753.618,2760.905,13.5128
1737950400000,2760.915,2760.915,2747.065,2749.285,11.3151
1737964800000,2749.235,2771.855,2749.155,2771.205,9.309
1737979200000,2771.225,2771.575,2739.285,2741.925,13.0236
1737993600000,2741.875,2743.045,2730.529,2739.185,6.0644
1738008000000,2739.205,2745.048,2737.935,2741.615,3.8548
1738022400000,2741.615,2745.065,2737.675,2738.615,9.1603
1738036800000,2738.608,2744.755,2738.155,2738.785,8.9631
1738051200000,2738.865,2744.975,2734.738,2742.585,10.6391
1738065600000,2742.555,2757.125,2740.995,2755.148,8.4164
1738080000000,2755.148,2764.875,2755.045,2764.735,9.3901
1738094400000,2764.635,2764.875,2761.855,2762.545,5.9215
1738108800000,2762.575,2765.985,2762.105,2762.545,8.013
1738123200000,2762.538,2764.205,2757.275,2759.025,4.4866
1738137600000,2759.015,2765.928,2756.848,2758.935,14.8289
1738152000000,2758.925,2760.925,2748,2754.015,14.6593
1738166400000,2754.025,2757.488,2745,2754.945,18.5415
1738180800000,2754.905,2760.415,2752.425,2760.035,6.9472
1738195200000,2760.035,2762.405,2758.785,2761.565,9.1027
1738209600000,2761.585,2769.308,2758.475,2768.925,10.0738
1738224000000,2768.955,2779.415,2768.265,2777.625,13.3666
1738238400000,2777.625,2796.685,2776.025,2795.335,20.7632
1738252800000,2795.355,2798.305,2788.435,2793.265,13.7921
1738267200000,2793.265,2798.135,2789.405,2795.965,6.2744
1738281600000,2795.948,2799.375,2794.265,2796.195,10.1453
1738296000000,2796.185,2800.645,2791.905,2798.075,11.0625
1738310400000,2798.055,2800.535,2790.895,2799.985,8.7677
1738324800000,2799.905,2816.935,2799.485,2808.935,18.3245
1738339200000,2809.085,2816.088,2794.818,2795.905,20.4168
1738353600000,2795.955,2802.295,2793.965,2798.085,5.6726
1738526400000,2793.987,2803.148,2782.548,2792.545,2.3127
1738540800000,2792.108,2795.598,2771.885,2774.225,15.7116
1738555200000,2774.195,2789.645,2773.935,2789.155,11.7785
1738569600000,2789.155,2804.135,2786.755,2801.048,13.7724
1738584000000,2801.048,2830.305,2800.208,2817.215,20.9051
1738598400000,2817.215,2824.985,2812.828,2818.078,8.2658
1738612800000,2818.095,2819.295,2810.978,2813.548,4.7801
1738627200000,2813.525,2824.445,2812.305,2821.225,8.4285
1738641600000,2821.235,2821.315,2806.925,2812.535,11.2882
1738656000000,2812.595,2821.675,2809.918,2815.275,12.5976
1738670400000,2815.295,2845.335,2814.275,2835.705,16.6084
1738684800000,2835.685,2844.875,2832.405,2842.915,7.65
1738699200000,2842.915,2844.648,2840.148,2841.035,3.234
1738713600000,2841.095,2854.205,2839.335,2852.135,8.6133
1738728000000,2852.085,2864.075,2851.655,2863.985,6.577
1738742400000,2863.945,2876.905,2863.405,2868.335,10.9171
1738756800000,2868.355,2882.215,2858.315,2879.975,11.3319
1738771200000,2879.958,2880.985,2862.565,2863.345,8.3683
1738785600000,2863.375,2870.775,2859.805,2868.985,2.7621
1738800000000,2868.985,2873.085,2863.448,2869.165,10.4003
1738814400000,2869.185,2872.145,2854.745,2855.465,7.7428
1738828800000,2855.465,2867.265,2848.535,2865.785,9.1314
1738843200000,2865.805,2870.045,2833.955,2850.465,16.2766
1738857600000,2850.475,2854.655,2847.985,2853.755,6.8371
1738872000000,2853.725,2858.555,2853.495,2857.835,2.8046
1738886400000,2857.845,2870.395,2857.415,2867.025,4.8191
1738900800000,2867.025,2869.385,2858.845,2864.015,6.0429
1738915200000,2864.075,2870.505,2863.035,2867.525,9.1125
1738929600000,2867.535,2886.605,2852.085,2880.135,15.7972
1738944000000,2880.235,2881.335,2853.135,2859.865,10.4647
1738958400000,2859.925,2863.685,2859.185,2860.135,3.5299
1739131200000,2858.065,2870.305,2854.448,2867.198,0.9777
1739145600000,2867.198,2876.365,2865.558,2875.355,9.4101
1739160000000,2875.375,2896.465,2874.175,2895.395,8.2154
1739174400000,2895.395,2906.135,2892.085,2904.405,10.3234
1739188800000,2904.375,2911.655,2896.205,2908.855,16.611
1739203200000,2908.905,2910.095,2896.315,2904.185,8.878
1739217600000,2904.165,2921.455,2902.675,2917.655,5.517
1739232000000,2917.685,2942.665,2905.015,2919.318,11.784
1739246400000,2919.325,2929.275,2907.095,2913.275,9.8349
1739260800000,2913.245,2914.988,2901.715,2903.775,7.3197
1739275200000,2903.765,2906.435,2881.635,2904.595,17.6917
1739289600000,2904.605,2908.475,2899.455,2900.125,7.7126
1739304000000,2900.125,2900.585,2893.855,2898.375,3.8579
1739318400000,2898.375,2898.765,2883.345,2888.855,7.6839
1739332800000,2888.765,2895.705,2883.505,2892.655,7.3623
1739347200000,2892.715,2893.915,2879.098,2879.359,9.1151
1739361600000,2879.515,2897.805,2863.685,2894.505,15.0267
1739376000000,2894.505,2909.035,2891.935,2897.675,7.4057
1739390400000,2897.695,2906.398,2895.305,2905.498,4.3562
1739404800000,2905.498,2917.855,2901.188,2916.285,6.053
1739419200000,2916.275,2922.575,2912.348,2914.385,8.1233
1739433600000,2914.315,2919.225,2909.305,2917.725,8.7528
1739448000000,2917.785,2921.105,2905.548,2920.105,10.469
1739462400000,2920.095,2927.305,2912.885,2926.745,7.2019
1739476800000,2926.715,2932.215,2924.665,2930.935,4.4917
1739491200000,2930.935,2933.705,2922.915,2924.175,7.5804
1739505600000,2924.169,2936.635,2923.615,2931.645,7.1461
1739520000000,2931.665,2939.935,2929.125,2930.955,10.2508
1739534400000,2930.915,2933.145,2892.795,2901.805,15.6413
1739548800000,2901.675,2903.645,2878.595,2880.435,9.4587
1739563200000,2880.435,2886.125,2876.805,2882.085,4.0984
1739736000000,2881.745,2893.405,2878.015,2879.075,1.493
1739750400000,2879.095,2904.465,2879.095,2903.275,6.1225
1739764800000,2903.265,2905.075,2888.155,2902.315,6.3836
1739779200000,2902.405,2906.215,2894.985,2900.825,10.3771
1739793600000,2900.795,2903.945,2895.328,2899.105,7.7402
1739808000000,2899.085,2901.038,2896.355,2898.275,2.7826
1739822400000,2898.545,2899.285,2896.895,2899.175,0.381
1739836800000,2899.135,2910.675,2891.775,2908.755,5.9169
1739851200000,2908.735,2915.535,2907.045,2911.405,4.3092
1739865600000,2911.395,2914.645,2906.915,2914.045,6.7786
1739880000000,2914.045,2929.525,2911.965,2926.885,19.3503
1739894400000,2926.885,2936.825,2923.955,2935.575,12.4478
1739908800000,2935.575,2936.575,2932.255,2933.778,4.7539
1739923200000,2933.778,2939.465,2924,2928.685,5.1955
1739937600000,2928.645,2935.655,2926.305,2934.045,6.7857
1739952000000,2933.995,2946.865,2933.515,2934.785,9.838
1739966400000,2934.779,2941.515,2925.395,2925.615,14.8955
1739980800000,2925.555,2932.175,2918.365,2931.675,10.5868
1739995200000,2931.695,2937.268,2931.165,2935.085,4.0793
1740009600000,2935.125,2943.815,2933.615,2941.735,5.6043
1740024000000,2941.715,2954.125,2939.125,2948.805,5.7493
1740038400000,2948.825,2954.755,2947.015,2948.538,5.4557
1740052800000,2948.538,2950.635,2923.945,2938.445,11.5284
1740067200000,2938.435,2946.885,2933.165,2937.735,6.8662
1740081600000,2937.755,2943.235,2935.355,2941.205,3.609
1740096000000,2941.255,2949.545,2926.238,2930.965,7.934
1740110400000,2930.925,2933.815,2923.955,2929.885,6.1172
1740124800000,2929.885,2935.935,2916.615,2928.195,6.5815
1740139200000,2928.185,2938.815,2921.355,2928.485,13.8161
1740153600000,2928.485,2942.625,2927.165,2933.205,11.0402
1740168000000,2933.185,2938.025,2931.935,2934.955,2.4307
1740340800000,2934.815,2940.068,2933.198,2936.635,1.0329
1740355200000,2936.485,2944.575,2921.055,2940.935,9.8001
1740369600000,2940.975,2944.795,2935.115,2943.705,5.7156
1740384000000,2943.795,2948.665,2934.735,2947.615,8.0756
1740398400000,2947.585,2956.035,2930.585,2936.375,18.6341
1740412800000,2936.355,2949.685,2936.345,2948.995,14.1988
1740427200000,2948.995,2953.348,2946.805,2949.795,4.902
1740441600000,2949.745,2952.405,2937.178,2939.315,7.26
1740456000000,2939.295,2940.855,2930.575,2931.555,7.3944
1740470400000,2931.585,2942.285,2929.365,2938.475,8.1823
1740484800000,2938.535,2944.648,2900.475,2905.775,21.1868
1740499200000,2905.725,2913.665,2888.085,2911.915,12.8847
1740513600000,2911.895,2918.805,2910.655,2918.405,4.1861
1740528000000,2918.485,2929.995,2914.588,2916.985,5.8157
1740542400000,2916.985,2920.865,2905.595,2915.275,6.3452
1740556800000,2915.275,2918.865,2909.345,2913.635,9.0599
1740571200000,2913.635,2915.375,2890.588,2913.095,14.1325
1740585600000,2913.095,2916.605,2909.805,2913.795,10.5374
1740600000000,2913.795,2920.615,2911.875,2918.995,3.9884
1740614400000,2918.975,2918.975,2904.125,2905.455,6.217
1740628800000,2905.545,2906.205,2887.855,2891.865,9.4791
1740643200000,2891.725,2894.845,2876.715,2883.935,13.9153
1740657600000,2883.875,2892.175,2867.565,2872.088,17.3473
1740672000000,2871.928,2887.508,2871.478,2879.025,8.4789
1740686400000,2879.035,2879.165,2871.125,2875.815,4.7251
1740700800000,2875.825,2884.925,2863.428,2865.565,8.6778
1740715200000,2865.545,2866.885,2856.785,2858.535,6.637
1740729600000,2858.515,2864.745,2850.788,2861.995,8.5897
1740744000000,2861.975,2864.725,2832.455,2849.915,21.8379
1740758400000,2850.015,2853.795,2838,2849.455,10.6634
1740772800000,2849.415,2859.525,2847.495,2856.998,3.959
1740945600000,2855.205,2876.905,2855.075,2870.608,2.4846
1740960000000,2870.608,2871.848,2859.055,2864.655,6.657
1740974400000,2864.648,2868.345,2859.935,2863.165,6.0825
1740988800000,2863.205,2875.275,2858.735,2874.225,8.9508
1741003200000,2874.175,2890.215,2868.465,2887.675,10.7283
1741017600000,2887.785,2892.935,2879.355,2881.365,8.4035
1741032000000,2881.355,2894.985,2878.115,2890.625,5.4229
1741046400000,2890.605,2893.625,2881.648,2888.448,4.3184
1741060800000,2888.418,2901.105,2884.155,2899.845,6.3835
1741075200000,2899.839,2921.455,2896.545,2919.718,8.4753
1741089600000,2919.725,2927.715,2899.835,2905.775,20.4199
1741104000000,2905.775,2916.305,2903.375,2915.945,10.2466
1741118400000,2915.939,2920.285,2913.135,2914.075,5.8385
1741132800000,2913.945,2916.915,2901.758,2908.415,8.1027
1741147200000,2908.385,2921.505,2908.245,2917.848,5.5111
1741161600000,2917.855,2922.355,2908.675,2912.939,16.3228
1741176000000,2913.145,2923.699,2894.145,2917.055,28.2605
1741190400000,2916.969,2929.748,2911.125,2920.355,16.5661
1741204800000,2920.355,2922.885,2916.138,2918.165,5.7799
1741219200000,2918.145,2926.425,2915.695,2920.995,4.897
1741233600000,2920.995,2922.895,2909.645,2909.995,7.4378
1741248000000,2909.955,2911.355,2890.815,2905.685,14.5348
1741262400000,2905.705,2922.628,2899.085,2914.268,14.5743
1741276800000,2914.268,2921.258,2911.955,2913.685,8.2152
1741291200000,2913.605,2916.345,2908.105,2910.058,4.8245
1741305600000,2910.058,2910.058,2895.698,2905.165,8.2039
1741320000000,2905.149,2917.155,2904.509,2916.985,6.8902
1741334400000,2916.965,2922.875,2915.055,2918.548,8.2224
1741348800000,2918.548,2930.185,2903.229,2915.605,13.483
1741363200000,2915.545,2919.305,2901.825,2905.015,5.7578
1741377600000,2904.985,2912.448,2904.675,2909.355,1.8538
1741550400000,2910.905,2916.678,2909.475,2915.908,1.7584
1741564800000,2915.908,2918.125,2907.975,2910.695,9.9945
1741579200000,2910.615,2915.255,2904.125,2908.125,8.7363
1741593600000,2908.135,2915.275,2895.425,2903.859,17.6089
1741608000000,2903.895,2910.288,2897.515,2904.295,22.0104
1741622400000,2904.318,2906.605,2879.935,2885.395,13.4653
1741636800000,2885.395,2889.935,2882.048,2884.405,2.196
1741651200000,2884.475,2900.315,2879.938,2896.685,7.1909
1741665600000,2896.688,2903.395,2892.405,2900.868,8.1141
1741680000000,2900.865,2915.268,2900.268,2913.325,9.398
1741694400000,2913.335,2922.048,2906.665,2916.615,15.051
1741708800000,2916.608,2921.245,2913.895,2918.195,9.4697
1741723200000,2918.195,2919.455,2914.155,2915.148,1.5752
1741737600000,2915.148,2919.795,2910.558,2914.755,5.4809
1741752000000,2914.765,2921.035,2908.785,2914.335,8.3038
1741766400000,2914.315,2925.135,2912.535,2915.115,11.7275
1741780800000,2915.105,2929.145,2905.755,2928.148,16.4637
1741795200000,2928.505,2940.348,2927.665,2931.115,9.5478
1741809600000,2931.099,2939.148,2930.655,2937.925,2.856
1741824000000,2937.925,2946.975,2936.248,2945.445,6.5838
1741838400000,2945.405,2946.035,2932.768,2935.075,8.1289
1741852800000,2935.115,2948.735,2934.675,2946.135,13.3358
1741867200000,2946.129,2978.195,2938.738,2977.655,18.6705
1741881600000,2977.665,2985.325,2976.165,2982.745,7.7189
1741896000000,2982.745,2989.785,2981.015,2986.195,1.953
1741910400000,2986.175,2992.875,2981.475,2992.375,5.8193
1741924800000,2992.375,2993.835,2981,2986.748,9.1228
1741939200000,2986.775,3004.725,2985.025,2993.305,12.3703
1741953600000,2993.305,2999.415,2978.085,2984.348,16.6461
1741968000000,2984.259,2990.285,2982.005,2983.775,13.1209
1741982400000,2983.845,2988.475,2981.625,2983.795,0.5827
1742155200000,2984.285,2993.905,2983.048,2989.915,2.47
1742169600000,2989.915,2992.895,2985.075,2986.885,8.3617
1742184000000,2986.879,2990.545,2981.975,2985.325,7.8736
1742198400000,2985.319,3001.075,2982.935,2997.275,8.4677
1742212800000,2997.345,3000.355,2984.535,2996.945,12.9692
1742227200000,2996.945,3000.695,2992.805,3000.099,7.7018
1742241600000,3000.085,3002.665,2999.348,2999.518,1.3868
1742256000000,2999.508,3014.855,2999.258,3011.235,4.3609
1742270400000,3011.265,3018.695,3005.848,3016.309,6.9688
1742284800000,3016.309,3029.319,3016.269,3026.649,17.6037
1742299200000,3026.649,3038.058,3024.438,3031.565,16.8505
1742313600000,3031.545,3037.855,3029.545,3035.375,8.3465
1742328000000,3035.395,3035.795,3031.268,3031.528,1.4439
1742342400000,3031.565,3038.795,3027.175,3036.048,7.2511
1742356800000,3036.048,3045.155,3033.985,3035.665,8.8299
1742371200000,3035.685,3039.735,3022.315,3038.695,8.8304
1742385600000,3038.648,3040.898,3025.678,3031.255,13.1247
1742400000000,3031.295,3051.758,3028.538,3047.695,8.2079
1742414400000,3047.725,3051.105,3044.045,3049.875,1.2991
1742428800000,3049.895,3056.155,3044.768,3049.745,7.1398
1742443200000,3049.728,3057.245,3041.635,3042.105,8.715
1742457600000,3042.105,3046.065,3025.428,3034.265,13.5803
1742472000000,3034.325,3042.175,3029.848,3040.478,15.9823
1742486400000,3040.455,3045.925,3033.718,3044.448,8.3753
1742500800000,3044.475,3046.485,3043.355,3046.245,1.3372
1742515200000,3046.245,3047.265,3029.795,3030.318,9.0867
1742529600000,3030.308,3033.785,3021.305,3031.775,9.5627
1742544000000,3031.775,3037.438,3026.905,3034.115,8.165
1742558400000,3034.105,3037.975,2999.268,3010.825,13.3061
1742572800000,3010.845,3021.845,3010.408,3019.825,8.0216
1742587200000,3019.855,3024.125,3019.765,3022.705,0.8026
1742760000000,3020.155,3026.045,3020.155,3024.515,0.9375
1742774400000,3024.448,3025.495,3013.475,3016.745,7.6076
1742788800000,3016.705,3028.725,3016.248,3022.165,6.6551
1742803200000,3022.165,3033.135,3021.665,3024.448,11.9668
1742817600000,3024.448,3028.425,3006,3013.845,14.5612
1742832000000,3013.845,3015.455,3002.145,3005.975,7.353
1742846400000,3005.969,3014.475,3005.465,3009.595,2.9697
1742860800000,3009.615,3016.085,3007.315,3015.135,4.7004
1742875200000,3015.235,3020.895,3010.218,3010.915,6.9389
1742889600000,3010.915,3026.305,3010.418,3020.415,6.7564
1742904000000,3020.395,3035.905,3013.938,3021.305,16.6395
1742918400000,3021.395,3025.445,3017.575,3019.548,7.3362
1742932800000,3019.545,3022.035,3018.665,3020.775,0.7136
1742947200000,3020.765,3026.955,3016.208,3017.385,6.0149
1742961600000,3017.358,3030.628,3013.048,3030.365,5.4075
1742976000000,3030.345,3031.945,3016.855,3027.295,11.0608
1742990400000,3027.335,3029.925,3012.125,3015.775,13.6698
1743004800000,3015.775,3020.685,3015.025,3017.105,5.5204
1743019200000,3017.145,3021.675,3017.035,3021.395,1.5717
1743033600000,3021.368,3034.075,3021.355,3033.465,4.756
1743048000000,3033.445,3038.495,3026.535,3035.715,9.7522
1743062400000,3035.825,3055.665,3033.565,3054.435,10.4916
1743076800000,3054.465,3059.518,3033.295,3051.878,14.0105
1743091200000,3051.868,3057.685,3047.455,3057.355,6.3056
1743105600000,3057.355,3057.475,3053.875,3055.275,1.3809
1743120000000,3055.185,3077.365,3054.685,3075.065,9.7626
1743134400000,3075.075,3085.845,3072.305,3078.865,7.3481
1743148800000,3078.865,3081.118,3065.798,3076.135,9.7669
1743163200000,3076.185,3086.725,3067.115,3083.545,12.6169
1743177600000,3083.545,3086.598,3073.365,3080.625,5.2031
1743192000000,3080.595,3085.565,3080.595,3083.898,0.621
1743364800000,3086.498,3097.715,3085.355,3088.898,2.0553
1743379200000,3088.845,3111.575,3076.485,3106.948,8.883
1743393600000,3106.875,3127.825,3105.715,3124.348,8.9345
1743408000000,3124.348,3126.985,3111.648,3119.315,6.6421
1743422400000,3119.335,3127.085,3099.685,3113.645,14.4445
1743436800000,3113.645,3124.529,3111.405,3124.285,6.8034
1743451200000,3124.305,3126.398,3119.828,3120.348,1.3433
1743465600000,3120.265,3147.195,3120.065,3145.815,8.748
1743480000000,3145.815,3148.835,3123.919,3127.348,11.0285
1743494400000,3127.348,3138.819,3126.158,3130.148,9.9069
1743508800000,3130.165,3136.925,3113.195,3113.505,11.9833
1743523200000,3113.499,3118.998,3100.665,3118.698,8.4959
1743537600000,3118.598,3120.625,3107.455,3114.998,1.5083
1743552000000,3114.998,3135.525,3112.768,3125.215,5.7208
1743566400000,3125.308,3126.508,3108.005,3125.075,7.0602
1743580800000,3125.105,3133.745,3110,3121.175,6.1871
1743595200000,3121.195,3131.945,3116.425,3125.648,8.5393
1743609600000,3125.655,3134.085,3118.465,3123.915,7.2905
1743624000000,3123.898,3167.548,3104.175,3162.475,10.7189
1743638400000,3162.455,3164.575,3140.358,3147.865,11.7012
1743652800000,3147.715,3149.515,3116.175,3128.855,10.737
1743667200000,3128.955,3131.935,3085.085,3092.955,10.732
1743681600000,3092.935,3135.425,3053.935,3110.385,17.4232
1743696000000,3110.365,3114.048,3099.698,3107.405,6.276
1743710400000,3107.495,3119.705,3107.145,3112.625,2.1281
1743724800000,3112.645,3115.515,3086.838,3098.198,7.7836
1743739200000,3098.085,3109.698,3091.775,3092.655,9.75
1743753600000,3092.635,3136.435,3078.255,3110.098,18.4521
1743768000000,3110.145,3111.515,3016.518,3021.765,17.5171
1743782400000,3021.775,3040.765,3015.335,3036.375,9.2171
1743796800000,3036.315,3040.815,3033.755,3037.998,1.2762
1743969600000,3006.765,3032.185,2976.585,2999.548,7.4838
1743984000000,2999.548,3055.18,2970.305,3018.605,15.0572
1743998400000,3018.585,3044.295,3013.095,3018.345,10.5558
1744012800000,3018.385,3045.965,3017.375,3030.825,15.401
1744027200000,3030.915,3037.545,2979.753,2987.293,23.6882
1744041600000,2987.293,2987.593,2956.125,2976.365,10.1105
1744056000000,2976.235,2988.435,2969.145,2981.075,2.1115
1744070400000,2980.985,3004.595,2980.125,2994.505,6.8255
1744084800000,2994.435,3015.555,2990.465,3003.415,6.5575
1744099200000,3003.425,3019.345,2994.715,3017.185,5.3246
1744113600000,3017.265,3022.485,3000.975,3001.285,13.2254
1744128000000,3001.255,3001.255,2974.565,2984.575,13.1382
1744142400000,2984.569,2990.215,2969.605,2978.265,2.8284
1744156800000,2978.435,3010.835,2971.745,3004.015,11.3333
1744171200000,3003.995,3052.229,2998.695,3040.675,12.3254
1744185600000,3040.685,3067.715,3035.625,3066.385,12.7608
1744200000000,3066.445,3087.645,3042.435,3086.115,15.5569
1744214400000,3086.215,3099.465,3048.385,3093.165,14.6742
1744228800000,3093.069,3095.205,3070.935,3086.495,4.3379
1744243200000,3086.495,3131.615,3078.105,3125.095,14.5841
1744257600000,3125.095,3132.245,3106.445,3108.215,7.6887
1744272000000,3108.235,3125.445,3103.165,3124.525,6.0609
1744286400000,3124.575,3174.695,3115.965,3157.915,13.6408
1744300800000,3157.915,3176.229,3151.385,3170.695,10.3845
1744315200000,3170.689,3191.045,3168.345,3188.775,4.5109
1744329600000,3188.755,3219.935,3184.665,3217.555,12.8059
1744344000000,3217.625,3219.005,3186.605,3212.185,10.8982
1744358400000,3212.165,3237.325,3208.145,3213.545,8.0424
1744372800000,3213.485,3243.945,3210.845,3240.165,11.8877
1744387200000,3240.235,3245.025,3219.395,3230.785,6.4165
1744401600000,3230.735,3238.145,3230.455,3236.375,0.8644
1744574400000,3229.155,3229.205,3209.205,3223.545,3.1471
1744588800000,3223.575,3245.515,3215.265,3232.145,9.1636
1744603200000,3232.155,3237.735,3221.115,3227.715,8.461
1744617600000,3227.775,3231.545,3206.025,3223.115,5.6755
1744632000000,3223.135,3227.505,3193.315,3197.815,11.0837
1744646400000,3197.875,3216.355,3197.515,3212.575,5.4498
1744660800000,3212.625,3214.965,3207.155,3212.395,1.3894
1744675200000,3212.375,3228.785,3209.685,3228.175,4.0854
1744689600000,3228.105,3232.475,3217.095,3225.435,4.759
1744704000000,3225.445,3232.005,3216.555,3219.865,4.3869
1744718400000,3219.925,3226.755,3211.385,3221.115,7.9161
1744732800000,3221.145,3231.725,3219.325,3229.785,4.0282
1744747200000,3229.745,3251.665,3226.275,3251.665,3.5635
1744761600000,3251.655,3281.675,3251.455,3281.415,11.9662
1744776000000,3281.395,3300.625,3268.895,3300.275,10.0846
1744790400000,3300.235,3317.575,3288.075,3306.595,7.1071
1744804800000,3306.455,3327.965,3296.585,3325.175,10.7617
1744819200000,3325.175,3342.425,3321.155,3336.515,9.0447
1744833600000,3336.455,3357.455,3333.955,3349.885,2.8126
1744848000000,3349.925,3356.065,3320.515,3344.305,9.5287
1744862400000,3344.035,3345.345,3314.015,3323.235,6.841
1744876800000,3323.265,3333.585,3312.485,3327.235,4.6454
1744891200000,3327.205,3341.815,3283.345,3296.075,10.8108
1744905600000,3296.125,3322.335,3294.665,3320.605,4.4074
1744920000000,3320.645,3328.605,3317.815,3326.925,1.0707
1745179200000,3331.835,3352.965,3327.985,3347.975,3.6245
1745193600000,3348.295,3385.115,3347.285,3382.205,9.1666
1745208000000,3382.175,3395.855,3368.845,3384.845,6.4568
1745222400000,3384.839,3405.725,3383.395,3404.285,5.1825
1745236800000,3404.315,3430.015,3397.405,3422.695,10.7497
1745251200000,3422.685,3430.355,3405.825,3423.275,5.1891
1745265600000,3423.325,3444.045,3419.505,3434.954,3.966
1745280000000,3434.986,3494.625,3411.075,3487.655,9.7853
1745294400000,3487.745,3499.915,3460.195,3468.155,8.5134
1745308800000,3468.355,3472.475,3442.775,3456.545,9.5915
1745323200000,3456.525,3464.655,3408.065,3417.465,8.6711
1745337600000,3417.375,3420.685,3366.525,3374.505,8.2209
1745352000000,3374.499,3382.505,3312.625,3336.315,4.7364
1745366400000,3336.345,3386.375,3328.695,3338.715,11.5867
1745380800000,3338.755,3349.055,3291.165,3318.835,8.1545
1745395200000,3318.785,3340.255,3305.285,3324.33,4.7449
1745409600000,3324.355,3333.055,3259.485,3280.045,16.6516
1745424000000,3280.395,3305.505,3277.545,3293.635,6.6862
1745438400000,3293.695,3316.695,3283.675,3316.145,3.0101
1745452800000,3316.165,3367.015,3313.035,3326.885,12.0494
1745467200000,3326.735,3339.605,3314.005,3333.485,7.708
1745481600000,3333.415,3343.595,3325.085,3336.665,3.8754
1745496000000,3336.635,3344.425,3306.245,3329.235,10.4961
1745510400000,3329.275,3346.765,3322.135,3342.005,6.4275
1745524800000,3342.155,3370.065,3337.815,3348.745,3.7459
1745539200000,3348.755,3362.685,3322.095,3323.345,10.0782
1745553600000,3323.315,3327.545,3286.545,3307.205,7.4911
1745568000000,3307.165,3308.715,3287.595,3293.245,4.6022
1745582400000,3293.225,3302.935,3264.785,3282.725,9.3312
1745596800000,3282.755,3312.205,3280.075,3304.505,6.9316
1745611200000,3304.505,3319.355,3304.445,3318.625,0.8926
1745784000000,3324.265,3335.995,3298.275,3302.415,2.3252
1745798400000,3302.485,3315.695,3267.765,3290.595,5.4801
1745812800000,3290.575,3300.775,3277.165,3287.035,5.2038
1745827200000,3287.065,3296.925,3273.065,3293.885,4.7076
1745841600000,3293.935,3335.715,3286.735,3324.695,12.7422
1745856000000,3324.725,3352.835,3324.105,3351.935,6.4642
1745870400000,3351.695,3352.135,3332.015,3337.325,2.8208
1745884800000,3337.285,3339.665,3307.695,3315.835,4.261
1745899200000,3315.815,3323.625,3304.715,3322.745,5.2351
1745913600000,3322.775,3324.685,3306.005,3309.145,5.5575
1745928000000,3309.145,3320.995,3299.325,3312.195,8.7936
1745942400000,3312.205,3329.725,3311.955,3320.305,5.2747
1745956800000,3320.245,3323.175,3310.635,3316.775,1.5382
1745971200000,3316.825,3327.865,3303.335,3304.385,4.8066
1745985600000,3304.385,3314.455,3301.025,3306.765,7.9189
1746000000000,3306.805,3307.435,3268.055,3272.115,6.9953
1746014400000,3272.175,3319.555,3266.875,3307.735,23.1017
1746028800000,3307.835,3313.945,3291.919,3295.655,6.6462
1746043200000,3295.649,3297.705,3270,3272.545,3.5401
1746057600000,3272.575,3276.095,3228.435,3228.995,11.0855
1746072000000,3229.035,3243.045,3220.605,3229.905,10.8624
1746086400000,3229.899,3236.465,3203.065,3205.155,10.2514
1746100800000,3205.115,3233.075,3201.685,3216.265,11.5536
1746115200000,3216.265,3229.475,3208.685,3228.005,6.3398
1746129600000,3227.999,3243.015,3227.565,3236.955,2.6756
1746144000000,3237.129,3258.455,3227.115,3254.595,7.7229
1746158400000,3254.555,3263.145,3246.125,3258.785,4.7073
1746172800000,3258.785,3268.805,3254.735,3262.265,5.5345
1746187200000,3262.235,3264.735,3229.835,3231.395,10.2972
1746201600000,3231.445,3239.655,3222.395,3233.405,8.5888
1746216000000,3233.435,3241.085,3232.525,3239.415,0.8031
1746388800000,3239.195,3252.115,3236.745,3247.745,4.1152
1746403200000,3247.775,3272.205,3240.885,3254.195,8.2205
1746417600000,3254.125,3267.585,3253.355,3264.665,3.9568
1746432000000,3264.605,3318.715,3262.915,3312.655,6.641
1746446400000,3312.405,3328.415,3308.655,3311.745,9.045
1746460800000,3311.675,3337.395,3305.285,3328.615,6.8847
1746475200000,3328.609,3337.495,3327.015,3333.765,2.8198
1746489600000,3333.665,3386.745,3321.108,3360.055,25.7335
1746504000000,3360.255,3379.325,3349.745,3371.125,13.4992
1746518400000,3371.145,3384.805,3368.305,3378.875,5.4764
1746532800000,3378.925,3399.665,3372.865,3394.835,15.8592
1746547200000,3394.805,3423.835,3394.415,3422.785,9.0488
1746561600000,3422.765,3437.655,3376.305,3400.385,8.4002
1746576000000,3400.495,3401.075,3359.735,3374.915,15.1295
1746590400000,3374.915,3397.165,3374.455,3387.775,8.4045
1746604800000,3387.775,3393.155,3369.075,3386.695,5.2842
1746619200000,3386.695,3397.875,3375.435,3384.855,9.5447
1746633600000,3384.935,3397.635,3363.495,3371.535,7.7982
1746648000000,3371.565,3376.625,3363.035,3376.015,3.1994
1746662400000,3376.259,3414.705,3373.445,3396.425,14.1109
1746676800000,3396.405,3399.005,3319.835,3342.695,11.9767
1746691200000,3342.765,3346.455,3330.135,3344.175,10.3487
1746705600000,3344.195,3369.185,3326.405,3329.955,15.1868
1746720000000,3330.025,3330.025,3288.445,3306.085,6.9527
1746734400000,3306.175,3323.545,3303.585,3316.025,5.7282
1746748800000,3316.065,3322.725,3274.295,3307.835,14.2436
1746763200000,3307.825,3331.995,3307.825,3327.045,9.4333
1746777600000,3327.065,3338.105,3319.925,3332.825,6.4627
1746792000000,3332.865,3345.905,3320.115,3344.825,9.5621
1746806400000,3344.785,3347.365,3325.255,3328.615,5.6764
1746820800000,3328.425,3330.205,3323.345,3323.345,0.6621
1746993600000,3271.805,3292.675,3265.485,3287.315,5.6186
1747008000000,3287.375,3289.675,3258.535,3283.045,11.4564
1747022400000,3282.995,3283.335,3215.775,3222.575,9.2046
1747036800000,3222.545,3234.165,3207.495,3224.625,8.9292
1747051200000,3224.489,3248.395,3220.125,3239.015,11.7581
1747065600000,3238.965,3239.875,3220.125,3235.315,5.0015
1747080000000,3235.295,3241.525,3229.565,3236.585,2.0568
1747094400000,3236.585,3243.095,3215.535,3236.465,8.1842
1747108800000,3236.415,3265.405,3234.735,3258.905,10.2408
1747123200000,3258.985,3261.055,3248.545,3248.885,4.6273
1747137600000,3248.945,3255.435,3225.145,3252.905,9.1326
1747152000000,3252.905,3257.635,3241.895,3249.115,3.9891
1747166400000,3249.195,3256.685,3247.755,3253.925,1.9935
1747180800000,3254.145,3254.305,3225.875,3228.145,15.1228
1747195200000,3228.145,3238.595,3222,3237.735,7.6336
1747209600000,3237.405,3243.495,3219.205,3219.995,6.9226
1747224000000,3219.905,3222.305,3174.505,3182.345,13.8303
1747238400000,3182.765,3190.525,3167.545,3180.455,7.289
1747252800000,3180.449,3187.175,3176.625,3185.815,2.7578
1747267200000,3185.815,3192.555,3147.735,3150.195,12.8026
1747281600000,3150.245,3153.785,3120.205,3141.985,15.2507
1747296000000,3141.985,3179.845,3138.715,3178.845,6.4235
1747310400000,3178.815,3219.755,3177.175,3219.405,12.1849
1747324800000,3219.415,3232.575,3215.515,3231.905,6.5928
1747339200000,3231.825,3251.805,3230.815,3236.845,5.1241
1747353600000,3236.815,3244.245,3206.255,3211.625,14.7807
1747368000000,3211.585,3230.875,3204.975,3207.345,8.1306
1747382400000,3207.279,3212.675,3153.475,3162.685,9.377
1747396800000,3162.825,3188.345,3154.375,3183.205,12.6341
1747411200000,3183.195,3195.645,3180.075,3192.425,6.1655
1747425600000,3192.345,3204.785,3192.005,3202.465,1.1345
1747598400000,3218.455,3245.025,3205.785,3234.265,8.0475
1747612800000,3234.295,3249.505,3207.755,3211.915,11.3195
1747627200000,3211.915,3234.315,3206.305,3232.155,7.2126
1747641600000,3232.225,3248.285,3229.675,3243.595,4.2196
1747656000000,3243.595,3244.245,3216.905,3231.355,6.1781
1747670400000,3231.375,3235.665,3225.035,3232.855,4.1651
1747684800000,3232.895,3233.655,3218.705,3222.195,1.8708
1747699200000,3222.225,3232.445,3204.205,3211.275,12.2213
1747713600000,3211.215,3225.135,3207.665,3222.575,8.3769
1747728000000,3222.559,3241.425,3218.059,3241.005,5.3589
1747742400000,3240.905,3285.535,3232.615,3277.025,11.2427
1747756800000,3277.005,3295.015,3274.995,3294.005,5.8566
1747771200000,3293.985,3303.765,3288.355,3290.435,4.3522
1747785600000,3290.385,3314.485,3285.105,3307.515,11.2472
1747800000000,3307.515,3320.455,3298.145,3309.585,8.6314
1747814400000,3309.605,3318.105,3303.725,3310.995,5.242
1747828800000,3310.995,3315.005,3290.668,3311.725,9.7403
1747843200000,3311.745,3324.748,3302.455,3318.095,7.3697
1747857600000,3318.095,3323.998,3312.898,3319.835,2.3188
1747872000000,3320.075,3345.198,3319.128,3335.148,10.3975
1747886400000,3335.035,3339.148,3322.355,3327.395,7.2706
1747900800000,3327.415,3329.698,3282.785,3314.225,8.7171
1747915200000,3314.055,3315.535,3278.789,3294.448,14.6416
1747929600000,3294.515,3304.635,3288.915,3290.075,6.1029
1747944000000,3290.075,3301.695,3289.325,3299.748,1.9103
1747958400000,3299.825,3308.648,3286.765,3301.848,7.2676
1747972800000,3301.848,3334.135,3301.748,3328.948,7.3971
1747987200000,3328.948,3349.448,3322.295,3347.688,6.4832
1748001600000,3347.705,3364.398,3336.248,3361.435,15.0281
1748016000000,3361.525,3365.798,3356.165,3360.548,7.5935
1748030400000,3360.548,3361.598,3355.975,3356.575,0.7848
1748203200000,3355.698,3356.085,3340.905,3342.298,2.5283
1748217600000,3342.425,3356.598,3331.198,3347.348,7.2231
1748232000000,3347.245,3351.548,3331.875,3337.148,6.0538
1748246400000,3337.045,3339.398,3323.298,3332.898,3.6427
1748260800000,3332.905,3341.348,3326.048,3337.798,3.8307
1748275200000,3337.745,3343.348,3337.398,3341.635,0.9877
1748289600000,3342.498,3348.515,3342.298,3345.945,0.9878
1748304000000,3345.915,3349.748,3331.495,3340.918,5.0202
1748318400000,3340.898,3341.198,3292.265,3296.048,7.7474
1748332800000,3296.048,3310.148,3287.548,3288.148,6.5893
1748347200000,3288.125,3304.748,3284.159,3293.298,8.9887
1748361600000,3293.298,3307.885,3292.798,3304.165,4.2661
1748376000000,3304.415,3310.848,3297.085,3309.148,1.7542
1748390400000,3309.148,3315.525,3291.398,3297.505,5.5677
1748404800000,3297.565,3322.268,3294.135,3318.948,5.9902
1748419200000,3318.948,3325.318,3307.195,3310.915,4.905
1748433600000,3310.895,3316.145,3292.345,3295.835,10.5994
1748448000000,3295.925,3302.965,3288.355,3296.765,7.1076
1748462400000,3296.765,3297.135,3249.725,3259.548,4.3192
1748476800000,3259.548,3280.005,3245.198,3274.398,9.853
1748491200000,3274.398,3287.185,3265.848,3286.175,6.7032
1748505600000,3286.175,3305.265,3275.985,3299.545,7.6348
1748520000000,3299.545,3321.875,3298.448,3321.485,12.8839
1748534400000,3321.498,3330.775,3315.298,3316.485,6.9226
1748548800000,3316.555,3320.798,3312.575,3315.395,2.1992
1748563200000,3315.395,3322.448,3290.985,3294.198,8.0521
1748577600000,3293.985,3304.798,3287.148,3294.748,5.7459
1748592000000,3294.748,3300.348,3288.365,3293.798,4.6934
1748606400000,3293.798,3307.998,3271.095,3288.398,13.3401
1748620800000,3288.398,3295.515,3283.705,3294.745,6.9656
1748635200000,3294.715,3295.595,3288.425,3288.865,0.846
1748808000000,3298.375,3316.448,3295.208,3309.935,3.1956
1748822400000,3309.955,3314.698,3301.195,3308.448,7.3489
1748836800000,3308.425,3358.748,3308.425,3352.265,7.8074
1748851200000,3352.385,3360.098,3344.165,3356.065,6.1434
1748865600000,3356.015,3378.745,3349.925,3374.085,11.564
1748880000000,3374.085,3382.275,3368.975,3381.415,9.1276
1748894400000,3381.415,3391.935,3378.215,3387.198,6.6788
1748908800000,3387.225,3388.398,3359.445,3360.758,9.3686
1748923200000,3360.755,3367.575,3350.938,3359.348,8.6617
1748937600000,3359.348,3364.548,3353.085,3359.098,5.4255
1748952000000,3359.098,3362.948,3332.575,3350.198,11.6921
1748966400000,3350.198,3355.245,3344.398,3352.375,4.4598
1748980800000,3352.395,3361.355,3352.345,3359.698,1.4625
1748995200000,3359.698,3372.445,3346.195,3358.998,14.448
1749009600000,3358.998,3364.948,3347.745,3354.475,7.6951
1749024000000,3354.415,3364.935,3343.448,3346.315,6.7331
1749038400000,3346.415,3384.495,3343.985,3371.498,10.4984
1749052800000,3371.498,3381.875,3370.665,3373.348,3.7467
1749067200000,3373.185,3378.798,3370.505,3377.935,1.418
1749081600000,3377.865,3383.975,3367.898,3369.448,6.1747
1749096000000,3369.448,3374.298,3360.925,3371.098,6.1353
1749110400000,3371.115,3403.178,3369.595,3391.998,7.2302
1749124800000,3392.345,3399.848,3339.048,3344.545,14.5197
1749139200000,3344.448,3361.115,3339.548,3356.505,7.2248
1749153600000,3356.535,3363.208,3351.748,3361.648,2.0797
1749168000000,3361.648,3371.725,3355.848,3369.448,6.636
1749182400000,3369.365,3375.348,3352.615,3359.248,9.3583
1749196800000,3359.415,3367.559,3352.665,3358.095,7.3483
1749211200000,3358.265,3364.098,3316.065,3331.898,14.1168
1749225600000,3331.875,3332.498,3311.095,3312.118,5.0222
1749240000000,3312.135,3312.595,3306.915,3309.625,0.6329
1749412800000,3311.395,3320.985,3309.018,3317.798,1.9379
1749427200000,3317.905,3318.448,3293.198,3310.518,8.2755
1749441600000,3310.448,3328.415,3308.948,3323.948,7.4714
1749456000000,3323.955,3325.485,3311.979,3317.248,6.0303
1749470400000,3317.275,3331.965,3310.525,3328.395,10.0777
1749484800000,3328.378,3338.065,3325.655,3327.055,5.8496
1749499200000,3327.049,3329.405,3321.338,3326.555,1.5471
1749513600000,3326.575,3326.595,3301.698,3307.305,8.1783
1749528000000,3307.345,3332.055,3302.645,3329.925,8.9439
1749542400000,3330.025,3342.298,3325.948,3333.545,6.5697
1749556800000,3333.595,3348.895,3322.965,3326.495,9.9969
1749571200000,3326.455,3334.348,3319.215,3328.485,5.9096
1749585600000,3328.535,3328.655,3315.245,3327.755,2.1662
1749600000000,3327.825,3341.475,3324.835,3339.105,6.1179
1749614400000,3339.098,3348.405,3332.225,3345.415,5.2661
1749628800000,3345.409,3346.555,3325.755,3332.865,4.7537
1749643200000,3332.935,3360.405,3326.835,3332.998,9.6585
1749657600000,3332.998,3349.065,3319.405,3346.538,6.0753
1749672000000,3346.518,3373.168,3346.358,3365.265,4.3018
1749686400000,3365.165,3377.548,3361.938,3373.198,11.2478
1749700800000,3373.145,3375.655,3338.385,3345.925,5.7866
1749715200000,3345.875,3388.355,3345.875,3379.095,7.1824
1749729600000,3378.955,3398.745,3376.265,3385.498,10.6863
1749744000000,3385.498,3391.198,3377.798,3388.048,4.7737
1749758400000,3387.875,3395.955,3379.378,3395.545,1.7517
1749772800000,3395.425,3444.125,3391.465,3425.348,17.9526
1749787200000,3425.248,3430.135,3407.755,3414.715,6.7909
1749801600000,3414.695,3427.545,3411.395,3422.005,5.9209
1749816000000,3422.045,3446.648,3420.728,3426.045,17.1618
1749830400000,3426.035,3439.395,3419.055,3432.165,11.6177
1749844800000,3432.235,3434.645,3428.905,3431.855,0.9435
1750017600000,3451.065,3451.065,3428.075,3444.015,3.7586
1750032000000,3443.998,3451.085,3429.048,3431.365,5.9945
1750046400000,3431.345,3433.165,3409.165,3412.455,6.0164
1750060800000,3412.375,3422.455,3409.475,3414.775,4.759
1750075200000,3414.825,3417.725,3382.525,3404.375,9.2883
1750089600000,3404.375,3404.848,3382.665,3383.885,4.1523
1750104000000,3383.745,3402.655,3383.175,3402.598,2.3246
1750118400000,3402.635,3403.098,3373.235,3387.348,6.4484
1750132800000,3387.365,3396.065,3380.805,3387.605,6.1415
1750147200000,3387.645,3399.948,3375.445,3388.348,5.3422
1750161600000,3388.348,3397.275,3365.835,3379.098,9.6701
1750176000000,3379.198,3392.298,3376.448,3385.525,4.8347
1750190400000,3385.495,3395.998,3383.398,3387.155,2.0588
1750204800000,3387.098,3391.305,3370.345,3390.775,6.7745
1750219200000,3390.805,3399.845,3376.865,3385.695,5.8422
1750233600000,3385.648,3388.205,3375.248,3381.915,4.8035
1750248000000,3381.885,3396.648,3373.545,3392.535,9.234
1750262400000,3392.485,3395.598,3362.705,3366.598,8.8226
1750276800000,3366.598,3379.598,3362.355,3374.885,2.4299
1750291200000,3374.925,3387.798,3369.438,3373.365,5.6416
1750305600000,3373.325,3375.065,3347.265,3365.745,11.5838
1750320000000,3365.715,3378.891,3362.058,3371.735,4.0983
1750334400000,3371.775,3372.755,3361.265,3369.015,5.1272
1750348800000,3369.035,3375.198,3365.615,3370.075,1.6879
1750363200000,3368.405,3370.315,3361.725,3368.585,1.2266
1750377600000,3368.585,3370.115,3344.375,3355.345,6.1763
1750392000000,3355.355,3357.465,3340.175,3347.465,4.4698
1750406400000,3347.375,3359.085,3346.398,3346.798,3.193
1750420800000,3347.075,3374.265,3341.715,3369.598,7.1216
1750435200000,3369.525,3373.148,3364.455,3365.345,3.1241
1750449600000,3365.345,3369.148,3364.488,3368.005,0.6517
1750622400000,3390.698,3396.648,3370.898,3372.498,2.9005
1750636800000,3372.455,3373.348,3351.765,3363.155,6.0244
1750651200000,3363.105,3364.865,3346.675,3357.375,4.3196
1750665600000,3357.405,3381.848,3357.405,3380.555,4.2954
1750680000000,3380.585,3389.615,3355.695,3386.985,8.3921
1750694400000,3386.965,3393.348,3375.265,3376.248,4.9195
1750708800000,3376.248,3377.105,3341.095,3343.898,3.0482
1750723200000,3343.998,3357.615,3332.865,3352.235,7.2118
1750737600000,3352.235,3353.185,3315.855,3329.545,6.4013
1750752000000,3329.455,3332.235,3317.648,3320.955,3.9018
1750766400000,3320.898,3320.898,3295.098,3313.015,10.0668
1750780800000,3313.065,3325.005,3311.098,3323.365,4.1427
1750795200000,3323.425,3325.198,3320.655,3324.015,1.1825
1750809600000,3323.975,3335.048,3323.415,3328.145,3.8905
1750824000000,3328.145,3336.848,3325.605,3330.418,3.2591
1750838400000,3330.365,3332.195,3321.348,3322.348,3.8509
1750852800000,3322.348,3329.285,3311.705,3325.425,7.0152
1750867200000,3325.425,3335.848,3323.898,3333.465,3.7755
1750881600000,3333.595,3340.015,3331.065,3338.805,1.4549
1750896000000,3338.835,3342.985,3328.998,3337.755,5.0633
1750910400000,3337.755,3346.955,3330.755,3345.835,5.6904
1750924800000,3345.815,3350.025,3331.235,3332.625,4.8922
1750939200000,3332.655,3343.905,3309.695,3324.748,9.8371
1750953600000,3324.685,3336.198,3323.505,3331.048,4.7677
1750968000000,3331.085,3332.145,3315.948,3318.498,1.3898
1750982400000,3318.395,3321.845,3292.398,3294.065,6.3944
1750996800000,3294.055,3300.725,3283.345,3284.195,5.6386
1751011200000,3284.195,3290.915,3275.885,3281.205,4.9203
1751025600000,3281.155,3282.115,3255.485,3274.435,10.2656
1751040000000,3274.435,3282.598,3268.185,3270.425,4.3729
1751054400000,3270.495,3275.275,3270.105,3273.335,0.4878
1751227200000,3272.145,3281.298,3244.925,3263.585,2.3931
1751241600000,3263.555,3283.098,3259.195,3278.795,5.3617
1751256000000,3278.798,3296.598,3277.008,3292.785,4.2443
1751270400000,3292.665,3296.348,3274.405,3277.705,3.506
1751284800000,3277.945,3290.595,3277.725,3289.445,6.769
1751299200000,3289.475,3309.348,3289.005,3308.498,14.0471
1751313600000,3308.498,3314.398,3301.835,3312.298,1.7893
1751328000000,3312.249,3322.405,3309.675,3320.948,4.0879
1751342400000,3320.815,3339.685,3318.648,3339.348,9.1448
1751356800000,3339.348,3352.825,3336.555,3348.785,8.3128
1751371200000,3348.845,3357.865,3336.798,3340.065,12.0576
1751385600000,3340.085,3343.365,3336.658,3337.905,4.1426
1751400000000,3337.905,3343.548,3336.555,3337.875,1.6667
1751414400000,3337.935,3344.765,3328.208,3339.648,4.1797
1751428800000,3339.625,3343.698,3327.275,3334.555,3.8942
1751443200000,3334.488,3347.548,3332.735,3342.085,3.8921
1751457600000,3342.055,3350.948,3333.635,3340.825,9.5985
1751472000000,3340.785,3359.325,3340.785,3358.045,5.3794
1751486400000,3358.155,3365.455,3348.605,3349.098,1.9195
1751500800000,3349.115,3351.315,3341.648,3347.285,3.7718
1751515200000,3347.298,3363.545,3347.198,3352.795,5.1743
1751529600000,3352.825,3358.155,3342.865,3345.875,4.887
1751544000000,3345.785,3352.115,3311.215,3327.845,12.6592
1751558400000,3327.895,3334.698,3325.545,3328.535,3.8483
1751572800000,3328.515,3331.798,3323.345,3330.648,1.1289
1751587200000,3330.565,3338.685,3325.615,3338.248,3.6311
1751601600000,3338.225,3344.905,3336.245,3342.775,7.0881
1751616000000,3342.785,3344.025,3331.305,3334.458,5.1329
1751630400000,3334.458,3337.855,3330.529,3332.169,3.3553
1751644800000,3332.165,3337.298,3332.048,3336.248,0.4462
1751832000000,3334.015,3342.348,3326.065,3328.655,1.194
1751846400000,3328.685,3329.495,3305.765,3310.755,5.6745
1751860800000,3310.785,3315.075,3300.435,3302.035,4.7376
1751875200000,3301.998,3312.625,3296.195,3301.715,6.2099
1751889600000,3301.635,3321.825,3300.315,3320.665,6.8215
1751904000000,3320.635,3340.289,3319.945,3336.925,19.7002
1751918400000,3337.045,3345.548,3333.598,3334.398,2.4567
1751932800000,3334.398,3337.835,3329.328,3331.265,6.4331
1751947200000,3331.285,3339.285,3327.115,3333.765,4.0497
1751961600000,3333.725,3333.725,3319.715,3324.865,3.4316
1751976000000,3324.905,3329.648,3286.905,3298.035,11.9025
1751990400000,3298.035,3310.199,3295.685,3302.718,9.6244
1752004800000,3302.645,3303.905,3296.965,3301.995,2.0602
1752019200000,3302.005,3307.725,3284.638,3293.075,4.826
1752033600000,3293.075,3297.548,3285.415,3291.665,4.7797
1752048000000,3291.645,3295.795,3282.425,3284.698,3.3328
1752062400000,3284.698,3312.775,3284.698,3309.435,12.0878
1752076800000,3309.405,3316.598,3307.575,3315.465,8.8263
1752091200000,3315.545,3320.955,3311.348,3317.425,2.2764
1752105600000,3317.445,3326.085,3315.338,3315.545,6.4658
1752120000000,3315.539,3329.285,3314.655,3320.898,3.8105
1752134400000,3320.898,3330.085,3318.085,3320.255,3.8916
1752148800000,3320.285,3329.248,3309.905,3319.455,7.0681
1752163200000,3319.495,3325.795,3311.975,3324.725,8.4675
1752177600000,3324.719,3326.198,3321.585,3323.555,1.5767
1752192000000,3323.505,3335.975,3323.345,3333.498,7.1704
1752206400000,3333.425,3343.475,3329.325,3341.665,5.9891
1752220800000,3341.685,3349.958,3332.618,3347.175,6.5042
1752235200000,3347.175,3368.559,3343.865,3358.669,13.7542
1752249600000,3358.549,3359.549,3348.965,3356.275,12.8826
1752264000000,3356.315,3358.705,3353.315,3354.725,0.8771
1752436800000,3362.948,3373.705,3358.698,3367.498,2.1136
1752451200000,3367.498,3373.105,3353.575,3356.835,6.3464
1752465600000,3356.795,3374.805,3353.435,3371.725,4.2185
1752480000000,3371.805,3374.445,3363.628,3363.888,3.3336
1752494400000,3363.888,3366.445,3340.755,3344.925,7.5529
1752508800000,3344.965,3351.515,3342.905,3343.955,5.0801
1752523200000,3344.065,3346.265,3341.105,3345.048,1.0161
1752537600000,3345.035,3358.095,3344.415,3357.685,2.2822
1752552000000,3357.665,3364.975,3357.285,3364.165,2.9354
1752566400000,3364.135,3366.148,3353.935,3354.648,3.7747
1752580800000,3354.675,3360.048,3325.145,3328.765,12.766
1752595200000,3328.745,3331.798,3320.055,3330.325,5.9962
1752609600000,3330.285,3331.545,3323.065,3330.798,0.7376
1752624000000,3330.825,3334.915,3324.865,3334.155,3.5054
1752638400000,3334.205,3341.865,3332.625,3337.705,5.053
1752652800000,3337.885,3342.775,3333.585,3339.105,3.3376
1752667200000,3339.085,3377.185,3319.499,3343.148,15.7841
1752681600000,3343.245,3357.175,3338.748,3346.855,14.6092
1752696000000,3346.849,3352.025,3345.125,3346.275,1.4623
1752710400000,3346.248,3347.165,3336.148,3341.305,4.0975
1752724800000,3341.285,3344.548,3324.955,3325.635,3.6095
1752739200000,3325.665,3332.255,3322.098,3323.998,3.6191
1752753600000,3324.005,3338.248,3309.575,3336.605,11.1707
1752768000000,3336.605,3340.895,3335.275,3339.535,5.8964
1752782400000,3339.535,3343.895,3337.205,3340.055,1.5217
1752796800000,3340.095,3344.048,3333.895,3334.415,2.6625
1752811200000,3334.345,3349.935,3331.645,3349.655,4.1255
1752825600000,3349.685,3357.498,3346.025,3354.125,5.1642
1752840000000,3354.085,3361.035,3350.995,3353.485,6.9706
1752854400000,3353.505,3357.235,3347.495,3348.155,5.2869
1752868800000,3348.149,3351.745,3347.555,3349.655,0.7722
1753041600000,3349.898,3350.015,3344.798,3348.898,0.7121
1753056000000,3348.835,3358.355,3347.418,3351.035,2.2231
1753070400000,3351.015,3370.565,3350.398,3364.505,6.2554
1753084800000,3364.545,3375.455,3362.595,3375.205,6.7895
1753099200000,3375.195,3401.339,3374.355,3397.775,10.779
1753113600000,3397.825,3399.548,3391.145,3398.648,6.7556
1753128000000,3398.648,3402.475,3392.898,3396.298,1.6273
1753142400000,3396.298,3397.475,3384.945,3392.365,4.0315
1753156800000,3392.235,3392.235,3383.115,3387.375,3.9015
1753171200000,3387.425,3391.445,3384.445,3391.165,3.2108
1753185600000,3391.125,3430.365,3390.725,3426.295,13.1575
1753200000000,3426.315,3433.279,3426.079,3431.248,7.2976
1753214400000,3431.248,3432.915,3426.015,3427.305,2.0645
1753228800000,3427.305,3438.655,3418.915,3422.745,8.0452
1753243200000,3422.825,3429.465,3416.165,3420.485,5.6055
1753257600000,3420.505,3433.648,3420.005,3428.055,4.5383
1753272000000,3428.045,3429.755,3398,3398.015,13.7325
1753286400000,3398.009,3398.009,3381.215,3390.035,9.0213
1753300800000,3390.035,3392.235,3385.765,3389.885,1.2966
1753315200000,3389.985,3393.165,3374.348,3383.565,6.7625
1753329600000,3383.505,3385.135,3365.785,3367.395,5.3068
1753344000000,3367.415,3374.485,3361.065,3361.975,6.2664
1753358400000,3362.015,3377.145,3351.168,3372.409,12.1414
1753372800000,3372.375,3373.639,3366.125,3370.265,9.8685
1753387200000,3370.275,3371.165,3364.948,3369.148,2.7459
1753401600000,3369.145,3373.295,3358.475,3358.955,4.717
1753416000000,3358.935,3363.248,3352.515,3353.885,5.2115
1753430400000,3353.905,3355.125,3338.465,3340.865,4.2177
1753444800000,3340.805,3347.398,3324.805,3327.575,10.5878
1753459200000,3327.515,3340.085,3326.048,3337.385,6.5559
1753473600000,3337.349,3338.898,3335.545,3335.575,0.5505
1753646400000,3316.938,3337.148,3316.938,3333.398,2.2865
1753660800000,3333.395,3343.155,3327.465,3343.095,3.5063
1753675200000,3343.075,3345.145,3333.748,3334.795,4.1179
1753689600000,3334.775,3340.575,3332.065,3336.265,3.4175
1753704000000,3336.375,3338.175,3301.465,3314.565,8.2097
1753718400000,3314.495,3318.785,3308.605,3317.015,7.3839
1753732800000,3317.009,3318.315,3310.155,3312.405,2.6139
1753747200000,3312.385,3320.648,3307.815,3312.398,4.212
1753761600000,3312.405,3322.198,3308.815,3316.848,4.3808
1753776000000,3316.845,3329.735,3314.685,3315.055,3.9959
1753790400000,3315.015,3333.908,3311.675,3320.519,8.8644
1753804800000,3320.485,3330.648,3318.845,3324.848,4.998
1753819200000,3324.935,3328.998,3324.515,3327.198,0.8827
1753833600000,3327.175,3333.505,3321.655,3328.205,4.6759
1753848000000,3328.205,3332.015,3322.798,3327.565,3.9025
1753862400000,3327.585,3333.815,3323.795,3330.675,4.5942
1753876800000,3330.675,3331.725,3288.415,3290.235,13.3918
1753891200000,3290.245,3304.735,3267.955,3269.195,17.2342
1753905600000,3269.215,3285.615,3268.745,3285.075,2.7205
1753920000000,3285.045,3298.435,3282.535,3294.848,4.1471
1753934400000,3294.748,3309.505,3293.485,3304.465,4.1155
1753948800000,3304.435,3314.705,3293.555,3305.998,5.2385
1753963200000,3305.865,3310.995,3291.055,3295.275,14.4445
1753977600000,3295.275,3298.235,3289.475,3290.745,10.1902
1753992000000,3290.735,3294.995,3287.845,3288.355,1.4657
1754006400000,3288.375,3296.875,3281.435,3291.195,4.186
1754020800000,3291.195,3300.148,3284.998,3286.625,4.4413
1754035200000,3286.598,3302.905,3285.115,3300.198,3.5788
1754049600000,3300.235,3354.955,3297.275,3348.348,20.6059
1754064000000,3348.339,3361.048,3340.298,3356.955,8.3796
1754078400000,3356.965,3363.425,3356.775,3362.425,0.8199
1754251200000,3364.698,3369.085,3354.315,3361.805,1.2549
1754265600000,3361.785,3362.125,3344.748,3360.098,3.8784
1754280000000,3360.055,3362.495,3351.498,3355.648,4.1641
1754294400000,3355.665,3370.505,3352.655,3370.145,5.1648
1754308800000,3370.175,3385.205,3360.885,3374.078,11.0648
1754323200000,3374.049,3377.998,3370.379,3375.848,6.4454
1754337600000,3375.835,3379.495,3372.595,3377.198,0.9759
1754352000000,3377.198,3382.198,3371.898,3371.898,3.3501
1754366400000,3371.825,3375.385,3365.575,3373.535,5.3486
1754380800000,3373.505,3374.448,3349.639,3351.115,7.4241
1754395200000,3351.069,3389.905,3349.668,3389.398,10.6687
1754409600000,3389.398,3390.289,3376.625,3378.838,5.4465
1754424000000,3378.845,3383.755,3377.965,3383.065,0.8788
1754438400000,3383.005,3385.098,3372.948,3374.375,3.3257
1754452800000,3374.448,3378.495,3368.875,3373.445,3.0173
1754467200000,3373.405,3374.665,3358.015,3365.005,3.9912
1754481600000,3365.005,3379.798,3360.035,3377.298,10.1557
1754496000000,3377.215,3379.295,3368.865,3371.495,6.336
1754510400000,3371.485,3374.385,3366.925,3369.905,2.1321
1754524800000,3369.935,3384.005,3364.895,3379.448,9.3576
1754539200000,3379.448,3397.105,3371.498,3395.975,10.5002
1754553600000,3396.005,3396.415,3371.545,3378.015,15.6578
1754568000000,3378.035,3393.625,3373.505,3389.955,21.6524
1754582400000,3389.945,3400.498,3384.145,3399.585,16.0675
1754596800000,3399.579,3408.675,3387.185,3400.109,10.44
1754611200000,3400.119,3402.329,3380.839,3395.669,38.1321
1754625600000,3395.369,3403.925,3388.358,3401.755,29.9643
1754640000000,3401.425,3402.423,3380.035,3385.785,34.9801
1754654400000,3385.809,3401.529,3380.885,3395.125,42.8623
1754668800000,3395.205,3404.213,3373.288,3398.148,20.2181
1754683200000,3398.148,3398.709,3390.885,3398.579,1.16
1754856000000,3397.298,3404.798,3389.359,3391.255,1.4793
1754870400000,3391.275,3391.425,3367.205,3378.025,12.431
1754884800000,3378.075,3379.895,3356.805,3359.935,11.3697
1754899200000,3359.975,3365.665,3349.505,3355.115,12.9114
1754913600000,3355.075,3362.665,3341.228,3349.235,14.9263
1754928000000,3349.235,3358.748,3340.808,3351.405,11.9847
1754942400000,3351.485,3351.665,3341.145,3348.848,2.3921
1754956800000,3348.848,3357.235,3345.925,3349.265,4.3065
1754971200000,3349.265,3357.945,3341.885,3355.405,5.4168
1754985600000,3355.375,3355.595,3335.915,3347.335,5.7513
1755000000000,3347.365,3359.198,3330.898,3349.615,17.2595
1755014400000,3349.655,3351.059,3345.405,3347.475,10.0157
1755028800000,3347.405,3353.565,3345.835,3350.435,1.5812
1755043200000,3350.435,3354.199,3342.439,3349.469,6.762
1755057600000,3349.469,3360.798,3345.398,3354.395,5.2366
1755072000000,3354.219,3366.865,3352.548,3362.155,5.3923
1755086400000,3362.215,3370.505,3353.889,3357.569,9.6973
1755100800000,3357.569,3360.755,3349.755,3357.665,5.7996
1755115200000,3357.645,3363.255,3355.155,3362.565,0.9814
1755129600000,3362.565,3374.555,3355.265,3360.325,5.3494
1755144000000,3360.325,3366.248,3343.365,3345.875,5.9172
1755158400000,3345.835,3358.998,3341.278,3355.275,5.5454
1755172800000,3355.295,3358.248,3333.948,3341.598,14.8373
1755187200000,3341.545,3341.905,3329.645,3337.815,8.0378
1755201600000,3337.809,3338.325,3331.945,3335.248,1.3765
1755216000000,3335.245,3344.665,3332.155,3343.195,3.0867
1755230400000,3343.165,3348.595,3339.925,3346.105,3.5249
1755244800000,3346.075,3348.148,3336.005,3342.125,3.7679
1755259200000,3342.105,3345.805,3332.705,3342.148,9.4413
1755273600000,3342.148,3342.248,3334.225,3338.948,4.1209
1755288000000,3338.948,3339.348,3334.645,3334.645,0.4847
1755460800000,3336.015,3338.848,3323.335,3326.895,1.0674
1755475200000,3326.945,3351.598,3326.625,3346.855,4.0023
1755489600000,3346.855,3358.215,3345.968,3348.798,5.6621
1755504000000,3348.725,3351.535,3344.248,3345.179,5.9067
1755518400000,3345.415,3348.625,3332.035,3335.448,12.2839
1755532800000,3335.448,3335.689,3330.085,3333.395,4.7882
1755547200000,3333.365,3334.598,3330.305,3330.745,0.8158
1755561600000,3330.725,3341.395,3325.885,3337.598,5.1266
1755576000000,3337.525,3341.648,3334.245,3340.598,4.071
1755590400000,3340.598,3345.165,3336.298,3339.498,7.3995
1755604800000,3339.505,3340.348,3320.778,3322.498,9.6001
1755619200000,3322.498,3324.245,3314.775,3315.735,3.2031
1755633600000,3315.695,3317.365,3312.665,3314.135,1.2075
1755648000000,3313.935,3318.375,3311.255,3317.345,4.7114
1755662400000,3317.325,3327.295,3317.045,3324.649,5.1951
1755676800000,3324.679,3332.738,3320.748,3332.095,8.124
1755691200000,3332.275,3350.198,3331.865,3340.545,7.1098
1755705600000,3340.555,3349.075,3340.555,3348.648,5.093
1755720000000,3348.548,3351.935,3346.185,3346.765,1.2401
1755734400000,3346.735,3346.735,3339.455,3339.698,3.4757
1755748800000,3339.505,3341.335,3334.008,3339.495,3.0567
1755763200000,3339.475,3342.025,3324.948,3333.445,3.7567
1755777600000,3333.525,3347.935,3333.525,3343.465,8.5411
1755792000000,3343.455,3343.755,3336.425,3338.615,3.8895
1755806400000,3338.595,3340.435,3337.215,3338.185,0.7332
1755820800000,3338.145,3340.075,3331.575,3331.765,3.6377
1755835200000,3331.855,3334.935,3325.525,3327.295,4.44
1755849600000,3327.275,3331.595,3325.165,3329.215,4.6075
1755864000000,3329.215,3378.585,3321.045,3367.648,13.4002
1755878400000,3367.648,3375.365,3367.648,3373.098,5.9521
1755892800000,3372.998,3373.398,3369.925,3371.235,0.4875
1756065600000,3370.835,3371.698,3365.685,3368.865,0.7524
1756080000000,3368.845,3369.415,3359.495,3367.145,2.6477
1756094400000,3367.145,3369.695,3362.915,3365.998,2.2902
1756108800000,3365.998,3371.375,3361.825,3370.335,2.4897
1756123200000,3370.385,3376.135,3361.905,3373.855,6.3961
1756137600000,3373.865,3374.675,3365.005,3365.225,3.1518
1756152000000,3365.225,3367.005,3351.435,3354.648,1.9319
1756166400000,3354.725,3386.425,3351.175,3372.058,9.4604
1756180800000,3372.015,3378.955,3366.985,3376.635,4.8695
1756195200000,3376.665,3380.235,3367.045,3377.375,5.1464
1756209600000,3377.405,3389.175,3370.115,3386.348,7.9681
1756224000000,3386.348,3390.675,3380.115,3389.548,4.3844
1756238400000,3389.548,3394.195,3388.575,3390.648,1.1408
1756252800000,3390.575,3393.295,3380.305,3380.485,6.3437
1756267200000,3380.535,3381.805,3373.665,3381.355,5.5319
1756281600000,3381.335,3385.325,3373.725,3376.625,5.1651
1756296000000,3376.595,3390.158,3374.095,3387.795,5.6116
1756310400000,3387.795,3398.569,3387.325,3395.945,5.5249
1756324800000,3396.075,3399.175,3393.995,3395.465,1.4917
1756339200000,3395.485,3397.875,3384.445,3389.995,6.7575
1756353600000,3389.955,3397.555,3387.415,3395.655,3.6554
1756368000000,3395.505,3407.485,3393.555,3403.885,8.139
1756382400000,3403.895,3413.345,3393.835,3410.798,7.9553
1756396800000,3410.798,3423.069,3409.765,3421.935,8.1336
1756411200000,3421.935,3422.309,3414.508,3414.508,2.4374
1756425600000,3414.508,3417.645,3407.695,3410.675,9.1233
1756440000000,3410.655,3412.515,3406.215,3412.055,6.1318
1756454400000,3412.075,3414.635,3404.185,3410.605,4.7231
1756468800000,3410.605,3447.435,3406.525,3445.245,13.5328
1756483200000,3445.235,3453.565,3440.558,3452.498,9.6831
1756497600000,3452.498,3452.515,3444.845,3446.805,1.366
1756670400000,3445.648,3452.255,3441.825,3447.685,1.4974
1756684800000,3447.685,3485.798,3436.548,3474.365,16.0688
1756699200000,3474.405,3489.595,3467.295,3477.675,8.5545
1756713600000,3477.695,3479.655,3465.905,3469.895,5.5378
1756728000000,3469.875,3481.165,3466.985,3473.905,4.7509
1756742400000,3473.905,3478.785,3472.145,3476.225,1.4057
1756756800000,3476.505,3480.998,3473.878,3478.965,1.6607
1756771200000,3478.915,3508.228,3476.625,3494.875,11.6622
1756785600000,3494.835,3498.115,3471.915,3476.605,11.9535
1756800000000,3476.615,3489.845,3469.805,3489.595,6.4631
1756814400000,3489.575,3520.215,3474.135,3520.215,18.9735
1756828800000,3520.205,3539.849,3517.845,3536.698,12.7184
1756843200000,3536.698,3537.548,3525.848,3529.698,3.0199
1756857600000,3529.698,3546.398,3527.748,3530.635,10.6083
1756872000000,3530.665,3538.065,3526.508,3533.725,7.9684
1756886400000,3533.675,3549.385,3532.065,3547.425,6.5444
1756900800000,3547.405,3567.185,3541.105,3563.735,12.6367
1756915200000,3563.698,3578.175,3561.035,3563.415,9.1759
1756929600000,3563.415,3565.955,3554.205,3560.175,5.3892
1756944000000,3560.215,3563.148,3510.425,3528.855,10.9258
1756958400000,3528.835,3541.475,3524.145,3540.915,5.6237
1756972800000,3540.865,3549.655,3536.198,3545.375,5.0007
1756987200000,3545.195,3558.465,3534.548,3552.698,13.3091
1757001600000,3552.698,3555.865,3542.355,3549.505,4.7404
1757016000000,3549.555,3554.205,3539.715,3552.415,2.2408
1757030400000,3552.395,3558.855,3545.515,3558.135,7.6731
1757044800000,3558.185,3560.965,3546.445,3548.025,4.7913
1757059200000,3547.895,3554.985,3544.605,3553.075,3.2615
1757073600000,3553.175,3597.558,3548.625,3591.825,20.3284
1757088000000,3591.785,3599.905,3590.185,3594.498,9.6555
1757102400000,3594.498,3594.955,3585.195,3585.195,1.2472
1757275200000,3582.104,3596.349,3577.698,3590.798,4.6801
1757289600000,3590.798,3596.815,3582.665,3583.135,11.6184
1757304000000,3583.155,3613.395,3579.365,3609.185,6.2877
1757318400000,3609.155,3622.245,3607.015,3619.655,5.3188
1757332800000,3619.635,3646.115,3614.385,3639.155,12.5076
1757347200000,3639.155,3641.408,3631.765,3636.385,5.89
1757361600000,3636.385,3637.848,3628.035,3634.735,2.639
1757376000000,3634.695,3654.448,3633.305,3645.685,8.0328
1757390400000,3645.735,3659.125,3636.375,3644.138,8.1247
1757404800000,3644.138,3656.495,3641.645,3647.795,6.865
1757419200000,3647.845,3673.645,3626.665,3645.365,15.165
1757433600000,3645.355,3649.198,3628.335,3629.185,6.2552
1757448000000,3629.155,3640.498,3618.505,3633.355,3.2853
1757462400000,3633.385,3638.048,3619.965,3636.365,5.9349
1757476800000,3636.375,3648.285,3636.375,3643.815,4.2131
1757491200000,3643.855,3657.238,3641.735,3648.858,4.1775
1757505600000,3648.858,3656.565,3638.318,3644.395,10.3404
1757520000000,3644.365,3649.598,3635.065,3641.785,4.3315
1757534400000,3641.775,3645.345,3637.645,3644.685,1.6122
1757548800000,3644.705,3648.895,3629.715,3631.795,5.4459
1757563200000,3631.925,3637.705,3622.395,3629.705,5.0247
1757577600000,3629.685,3631.585,3613.945,3616.565,6.4461
1757592000000,3616.595,3643.848,3611.465,3632.935,13.1332
1757606400000,3632.935,3641.775,3630.225,3636.685,7.2647
1757620800000,3636.605,3638.075,3631.265,3631.595,1.2367
1757635200000,3631.575,3653.065,3630.295,3652.735,5.0843
1757649600000,3652.705,3656.435,3647.645,3648.145,3.8145
1757664000000,3648.125,3651.975,3637.375,3646.855,4.3737
1757678400000,3646.875,3654.185,3637.848,3644.285,10.442
1757692800000,3644.275,3650.555,3642.395,3644.055,3.8591
1757707200000,3643.995,3645.145,3640.775,3642.635,1.2817
1757880000000,3643.605,3646.048,3636.665,3637.965,1.1273
1757894400000,3637.955,3646.205,3626.148,3645.885,5.4895
1757908800000,3645.915,3646.715,3633.469,3643.695,4.9151
1757923200000,3643.605,3646.615,3635.548,3642.395,3.9445
1757937600000,3642.415,3681.635,3636.598,3680.195,8.2887
1757952000000,3680.225,3685.345,3674.435,3680.735,7.8958
1757966400000,3680.735,3681.898,3675.835,3676.598,1.8869
1757980800000,3676.598,3689.169,3674.455,3680.825,5.6475
1757995200000,3680.955,3694.015,3679.995,3686.225,4.8261
1758009600000,3686.225,3699.365,3685.935,3697.015,5.5859
1758024000000,3697.085,3702.828,3678.625,3686.085,18.5185
1758038400000,3686.065,3691.045,3684.485,3689.425,6.4775
1758052800000,3689.385,3695.055,3688.755,3694.085,1.2947
1758067200000,3694.065,3695.185,3674.208,3681.515,10.3307
1758081600000,3681.535,3685.705,3666.435,3666.785,8.3834
1758096000000,3666.758,3670.845,3659.815,3665.785,5.1617
1758110400000,3665.835,3687.005,3665.445,3684.015,8.0224
1758124800000,3684.035,3707.308,3645.765,3661.498,15.1053
1758139200000,3661.465,3671.735,3652.405,3668.748,2.3396
1758153600000,3668.835,3669.635,3651.565,3658.375,8.0073
1758168000000,3658.455,3659.695,3633.485,3658.785,8.0677
1758182400000,3658.835,3672.785,3653.515,3666.945,4.6083
1758196800000,3666.965,3672.248,3627.465,3641.085,11.6065
1758211200000,3641.095,3647.045,3640.235,3646.365,5.847
1758225600000,3646.448,3646.905,3637.605,3639.895,1.1923
1758240000000,3639.985,3656.085,3631.938,3653.505,6.6975
1758254400000,3653.525,3661.025,3643.025,3653.755,7.7112
1758268800000,3653.735,3658.995,3645.495,3648.275,3.5176
1758283200000,3648.295,3675.695,3643.495,3670.625,9.7218
1758297600000,3670.655,3685.089,3666.355,3684.239,7.9612
1758312000000,3684.279,3684.748,3680.765,3684.489,1.0267
1758484800000,3686.698,3691.895,3683.365,3686.065,1.9893
1758499200000,3686.085,3697.305,3685.235,3695.265,6.7433
1758513600000,3695.265,3719.645,3689.795,3713.045,6.1133
1758528000000,3713.005,3728.145,3712.225,3724.475,5.131
1758542400000,3724.525,3736.215,3711.898,3736.035,12.36
1758556800000,3736.005,3748.535,3734.955,3747.505,5.4286
1758571200000,3747.418,3748.948,3737.728,3747.598,1.8942
1758585600000,3747.598,3759.035,3736.455,3746.415,9.3944
1758600000000,3746.395,3758.615,3743.025,3753.165,8.5603
1758614400000,3753.125,3790.865,3752.905,3783.375,8.0288
1758628800000,3783.395,3788.648,3767.185,3779.115,10.7004
1758643200000,3779.335,3785.515,3751.805,3764.155,9.198
1758657600000,3764.165,3769.848,3761.359,3763.535,1.9484
1758672000000,3763.505,3771.545,3750.329,3765.165,9.1348
1758686400000,3765.135,3778.998,3763.055,3777.215,6.1412
1758700800000,3777.245,3777.605,3759.475,3768.875,4.5149
1758715200000,3768.855,3772.748,3739.535,3740.995,10.6764
1758729600000,3740.965,3745.105,3717.348,3729.858,11.7464
1758744000000,3729.858,3745.125,3729.765,3742.815,1.9368
1758758400000,3742.775,3751.348,3729.365,3736.425,8.429
1758772800000,3736.425,3754.775,3731.548,3752.095,6.076
1758787200000,3752.065,3761.425,3740.945,3752.855,7.0755
1758801600000,3752.885,3755.685,3721.915,3735.775,13.5634
1758816000000,3735.755,3758.055,3732.175,3746.405,9.2185
1758830400000,3746.405,3752.315,3737.755,3744.475,2.2724
1758844800000,3744.445,3753.035,3734.275,3745.335,8.4306
1758859200000,3745.375,3753.845,3739.015,3747.855,6.4502
1758873600000,3747.885,3754.975,3742.755,3748.495,4.5999
1758888000000,3748.515,3783.595,3746.135,3780.245,13.6402
1758902400000,3780.235,3783.045,3764.345,3766.525,8.1327
1758916800000,3766.475,3769.415,3758.948,3759.005,1.1198
1759089600000,3756.045,3772.285,3755.898,3766.648,1.2655
1759104000000,3766.648,3799.245,3763.665,3794.155,8.4741
1759118400000,3794.135,3819.575,3792.295,3805.998,7.4474
1759132800000,3805.998,3831.205,3805.998,3828.735,5.7001
1759147200000,3828.755,3833.045,3809.085,3830.215,12.9948
1759161600000,3830.235,3833.305,3822.375,3828.615,8.553
1759176000000,3828.545,3834.005,3825.415,3832.655,2.2825
1759190400000,3832.685,3867.015,3830.798,3864.465,7.7752
1759204800000,3864.555,3871.505,3839.195,3843.645,11.4653
1759219200000,3843.675,3847.035,3792.875,3815.045,10.347
1759233600000,3815.045,3854.435,3808.745,3838.765,13.5132
1759248000000,3838.615,3860.535,3837.648,3858.798,7.1247
1759262400000,3858.898,3862.865,3850.365,3862.765,2.3469
1759276800000,3862.775,3875.295,3855.385,3861.875,6.7827
1759291200000,3861.875,3879.518,3853.055,3878.995,5.9322
1759305600000,3879.035,3895.145,3877.798,3883.415,5.9689
1759320000000,3883.485,3890.898,3856.315,3868.315,12.9771
1759334400000,3868.305,3871.675,3854.885,3867.498,8.6605
1759348800000,3867.498,3870.205,3857.375,3863.165,3.0816
1759363200000,3863.195,3869.848,3852.635,3866.235,5.4056
1759377600000,3866.255,3874.615,3861.518,3868.298,5.5148
1759392000000,3868.298,3886.448,3864.495,3886.048,5.4027
1759406400000,3886.048,3896.958,3819.095,3828.015,14.7677
1759420800000,3827.978,3858.895,3826.985,3855.345,9.6075
1759435200000,3855.355,3863.455,3851.795,3862.145,1.94
1759449600000,3862.105,3862.515,3837.785,3842.575,4.8157
1759464000000,3842.535,3865.095,3841.415,3864.105,3.5862
1759478400000,3864.085,3867.525,3854.548,3861.885,6.7135
1759492800000,3861.915,3891.475,3860.335,3889.275,12.6027
1759507200000,3889.285,3889.535,3877.055,3885.555,11.6428
1759521600000,3885.555,3886.985,3882.698,3886.825,0.8935
1759694400000,3887.955,3920.485,3883.248,3909.355,3.8438
1759708800000,3909.425,3931.805,3898.658,3929.375,6.6534
1759723200000,3929.375,3944.955,3922.235,3941.325,8.4638
1759737600000,3941.405,3949.305,3930.875,3938.005,7.7284
1759752000000,3937.985,3963.955,3926.445,3962.275,12.1235
1759766400000,3962.285,3969.925,3945.648,3959.245,8.2233
1759780800000,3959.225,3975.925,3957.015,3969.248,4.1709
1759795200000,3969.248,3977.125,3955.585,3973.245,6.6339
1759809600000,3973.215,3976.765,3943.148,3945.725,7.5908
1759824000000,3945.615,3968.965,3940.685,3966.825,6.1257
1759838400000,3966.865,3990.845,3961.555,3965.898,15.545
1759852800000,3965.898,3987.505,3962.835,3979.915,11.6671
1759867200000,3979.915,3995.775,3979.908,3994.145,2.6062
1759881600000,3994.098,4016.345,3984.045,4014.498,6.7764
1759896000000,4014.598,4038.885,4014.348,4034.055,7.1774
1759910400000,4033.975,4049.398,4030.525,4037.795,6.7217
1759924800000,4037.795,4050.325,4026.055,4045.515,12.579
1759939200000,4045.495,4059.098,4031.875,4044.555,12.3384
1759953600000,4044.625,4046.455,4001.025,4011.465,5.4456
1759968000000,4011.448,4036.135,4002.395,4026.585,9.8469
1759982400000,4026.615,4043.405,4022.365,4031.375,7.5065
1759996800000,4031.335,4046.455,4030.128,4044.235,5.3223
1760011200000,4044.205,4057.765,4003.765,4014.395,22.3795
1760025600000,4014.285,4021.498,3943.788,3972.895,16.7773
1760040000000,3972.985,3990.715,3957.955,3989.548,2.9927
1760054400000,3989.399,3994.175,3960.498,3961.499,8.7477
1760068800000,3961.499,3977.575,3946.675,3971.705,9.664
1760083200000,3971.725,4006.385,3969.935,3986.845,9.6175
1760097600000,3986.835,4022.748,3970.485,3997.525,16.1901
1760112000000,3997.605,4021.075,3974.845,4011.015,14.5076
1760126400000,4011.055,4020.595,4005.465,4017.845,2.2114
1760299200000,4000.535,4059.938,4000.535,4034.705,5.0132
1760313600000,4034.885,4059.425,4024.295,4051.728,10.0742
1760328000000,4051.728,4077.748,4050.675,4070.705,9.2238
1760342400000,4070.655,4085.065,4068.715,4073.745,6.1995
1760356800000,4073.785,4107.158,4072.965,4104.675,10.1957
1760371200000,4104.735,4117.005,4090.565,4108.385,10.5861
1760385600000,4108.445,4131.748,4105.805,4127.798,3.4328
1760400000000,4127.898,4166.065,4119.065,4162.885,10.8757
1760414400000,4162.785,4179.355,4089.805,4126.175,16.1323
1760428800000,4126.155,4144.898,4121.288,4130.155,10.8081
1760443200000,4130.175,4142.348,4097.598,4137.675,14.6558
1760457600000,4137.695,4155.075,4127.555,4141.355,12.8344
1760472000000,4141.495,4166.955,4139.165,4161.325,3.3261
1760486400000,4161.305,4190.515,4153.465,4186.815,8.8311
1760500800000,4186.905,4209.645,4172.848,4207.545,6.1785
1760515200000,4207.595,4217.995,4163.149,4198.465,8.6194
1760529600000,4198.498,4212.135,4175.779,4190.348,17.9978
1760544000000,4190.348,4213.285,4182.345,4210.015,15.8315
1760558400000,4210.098,4215.555,4199.285,4209.285,4.7587
1760572800000,4209.285,4241.955,4204.698,4233.545,9.7669
1760587200000,4233.235,4239.185,4203.175,4230.455,9.3615
1760601600000,4230.485,4247.355,4221.665,4240.265,7.6877
1760616000000,4240.265,4275.748,4227.185,4273.345,15.0261
1760630400000,4273.375,4312.648,4261.215,4307.025,16.9708
1760644800000,4307.135,4379.125,4307.098,4365.225,8.2203
1760659200000,4365.205,4371.445,4278.295,4366.525,14.4758
1760673600000,4366.555,4378.455,4308.235,4342.085,12.4721
1760688000000,4342.165,4349.505,4286.435,4286.795,15.7629
1760702400000,4286.775,4319.785,4216.465,4237.235,27.6659
1760716800000,4237.245,4244.725,4185.425,4225.395,18.059
1760731200000,4225.725,4252.198,4219.765,4250.855,2.1694
1760904000000,4247.775,4273.685,4233.298,4237.605,4.1892
1760918400000,4237.625,4270.995,4218.505,4264.379,13.7378
1760932800000,4264.379,4268.048,4221.005,4254.895,12.9722
1760947200000,4254.875,4279.235,4245.435,4278.905,7.0986
1760961600000,4278.905,4355.345,4272.355,4348.898,18.2012
1760976000000,4348.898,4381.298,4336.945,4377.848,14.2295
1760990400000,4377.885,4379.948,4345.948,4359.905,5.4978
1761004800000,4360.005,4372.108,4332.595,4346.395,9.5225
1761019200000,4346.365,4346.825,4293.125,4298.005,9.5859
1761033600000,4298.005,4301.425,4244.085,4253.145,13.5517
1761048000000,4253.165,4257.445,4078.259,4138.385,33.0661
1761062400000,4138.405,4143.695,4092.945,4108.685,15.7786
1761076800000,4108.638,4132.235,4089.645,4092.618,4.6364
1761091200000,4092.618,4142.815,4003.298,4128.248,15.6639
1761105600000,4128.248,4161.165,4106.665,4132.715,11.1344
1761120000000,4132.618,4135.595,4014.758,4027.405,21.657
1761134400000,4027.435,4084.915,4010.795,4036.785,21.6318
1761148800000,4036.885,4113.365,4022.955,4102.145,14.088
1761163200000,4101.885,4116.055,4080.078,4087.305,5.1485
1761177600000,4087.295,4100.635,4065.405,4090.935,11.0035
1761192000000,4090.955,4137.448,4079.468,4093.895,12.8677
1761206400000,4094.015,4125.245,4094.015,4109.375,8.0777
1761220800000,4109.395,4154.435,4099.965,4141.565,13.1669
1761235200000,4141.575,4148.335,4116.285,4118.125,7.8765
1761249600000,4118.195,4132.305,4105.675,4121.375,2.9309
1761264000000,4121.405,4144.145,4107.255,4122.125,5.8367
1761278400000,4122.085,4123.045,4069.305,4073.948,8.9667
1761292800000,4073.965,4077.425,4043.618,4061.255,8.9244
1761307200000,4061.205,4134.745,4059.615,4130.195,15.1308
1761321600000,4130.235,4138.325,4101.735,4103.865,8.3556
1761336000000,4103.945,4113.655,4096.515,4111.555,1.0338
1761508800000,4064.051,4108.598,4061.315,4064.165,3.8016
1761523200000,4064.275,4097.545,4057.845,4069.465,7.7584
1761537600000,4069.405,4084.735,4053.505,4068.515,6.9877
1761552000000,4068.365,4070.235,4015.055,4023.825,10.119
1761566400000,4023.855,4050.095,3971.068,3989.698,19.4077
1761580800000,3989.698,4009.845,3983.728,3989.965,18.0613
1761595200000,3989.975,4004.295,3978.885,3998.205,6.4961
1761609600000,3998.175,4019.405,3972.445,3992.635,8.6643
1761624000000,3992.685,3994.005,3921.248,3932.115,8.4259
1761638400000,3932.145,3935.555,3886.199,3923.055,11.7562
1761652800000,3923.375,3969.405,3905.335,3964.585,11.7166
1761667200000,3964.595,3970.205,3944.935,3960.275,8.1599
1761681600000,3960.125,3967.515,3914.548,3964.535,3.1586
1761696000000,3964.535,3982.075,3943.605,3962.958,7.6059
1761710400000,3963.005,4001.385,3950.668,4001.385,6.6144
1761724800000,4001.385,4029.525,4000.278,4016.395,6.9605
1761739200000,4016.365,4029.955,3989.165,3992.695,13.0045
1761753600000,3992.725,4007.025,3927.585,3945.475,17.7142
1761768000000,3945.435,3953.735,3916.348,3952.465,4.1586
1761782400000,3952.495,3966.215,3915.065,3937.805,7.9991
1761796800000,3937.835,3982.295,3934.505,3961.005,9.084
1761811200000,3960.995,4011.498,3959.895,3974.225,8.2867
1761825600000,3974.245,4014.635,3959.955,4001.585,22.8297
1761840000000,4001.565,4025.705,3990.905,4023.205,11.8594
1761854400000,4023.155,4045.925,4015.955,4036.345,3.3911
1761868800000,4036.225,4039.135,3990.938,3995.955,8.0052
1761883200000,3995.995,4025.305,3988.765,4020.755,7.5735
1761897600000,4020.785,4026.808,3998.515,4010.145,8.9856
1761912000000,4010.335,4036.035,4008.805,4012.485,12.0205
1761926400000,4012.445,4014.945,3971.965,4001.075,12.5317
1761940800000,4001.045,4006.248,3995.955,4001.505,1.4544
1762113600000,3983.498,3998.625,3977.415,3979.435,1.3583
1762128000000,3979.285,4015.145,3962.325,4011.065,7.3837
1762142400000,4011.055,4025.625,3997.479,4025.078,6.0533
1762156800000,4025.078,4027.865,3992.875,4007.365,7.6811
1762171200000,4007.405,4030.385,4001.415,4008.305,13.2089
1762185600000,4008.179,4013.209,3994.989,4004.395,13.0436
1762200000000,4004.395,4014.695,3980.625,3996.925,8.6482
1762214400000,3996.975,3999.155,3975.435,3994.345,6.6043
1762228800000,3994.335,3996.215,3966.395,3993.645,6.4348
1762243200000,3993.985,4000.475,3985.765,3994.685,5.3008
1762257600000,3994.735,3997.295,3928.475,3956.625,11.3191
1762272000000,3956.665,3975.405,3931.855,3937.145,8.0682
1762286400000,3937.195,3941.925,3930.275,3934.328,8.4794
1762300800000,3934.325,3964.995,3929.648,3960.565,5.9465
1762315200000,3960.459,3978.345,3959.585,3972.305,4.609
1762329600000,3972.285,3986.915,3955.825,3966.685,5.0573
1762344000000,3966.655,3985.425,3961.945,3978.075,8.0275
1762358400000,3978.175,3990.235,3974.745,3987.498,6.0777
1762372800000,3987.598,3989.975,3966.095,3973.515,3.7105
1762387200000,3973.475,3990.205,3964.355,3987.315,4.1832
1762401600000,3987.345,4009.045,3982.035,4005.445,3.9293
1762416000000,4005.398,4019.175,4004.155,4017.785,5.8723
1762430400000,4017.745,4019.275,3974.895,3979.945,12.6155
1762444800000,3979.975,3994.975,3965.425,3984.998,11.6751
1762459200000,3984.635,3989.515,3973.655,3988.875,5.5006
1762473600000,3988.905,4003.115,3984.295,3990.155,4.1732
1762488000000,3990.125,4009.595,3985.275,4007.615,3.6916
1762502400000,4007.708,4013.975,3993.535,4002.725,4.7673
1762516800000,4002.745,4008.245,3983.855,3990.775,8.4134
1762531200000,3990.775,4027.225,3989.785,4006.505,10.7809
1762545600000,4006.429,4006.665,3994.245,4000.289,2.5019
1762718400000,3997.898,4012.105,3996.698,4011.635,0.9056
1762732800000,4011.665,4053.125,4010.915,4049.975,6.3902
1762747200000,4049.835,4078.875,4049.615,4075.075,4.8494
1762761600000,4075.105,4086.115,4071.265,4085.165,5.1422
1762776000000,4085.205,4105.715,4074.065,4084.145,9.9606
1762790400000,4084.125,4115.605,4081.815,4113.025,7.624
1762804800000,4113.045,4122.515,4106.425,4119.705,3.6587
1762819200000,4119.995,4147.845,4116.055,4146.675,5.512
1762833600000,4146.655,4148.755,4124.525,4129.425,5.0499
1762848000000,4129.305,4145.725,4128.585,4142.599,5.1319
1762862400000,4142.599,4146.545,4096.845,4106.475,9.4328
1762876800000,4106.465,4125.945,4105,4122.885,7.5834
1762891200000,4122.985,4144.465,4122.235,4142.405,2.8899
1762905600000,4142.375,4145.255,4111.615,4111.785,6.4069
1762920000000,4111.745,4125.045,4098.665,4116.925,6.177
1762934400000,4116.955,4133.385,4112.015,4125.765,6.6105
1762948800000,4125.795,4185.415,4122.495,4181.109,12.9788
1762963200000,4181.095,4211.495,4179.835,4197.229,18.0447
1762977600000,4197.179,4208.178,4187.005,4190.975,5.059
1762992000000,4190.965,4212.905,4179.625,4212.565,8.2368
1763006400000,4212.545,4219.985,4203.065,4219.965,7.1668
1763020800000,4219.945,4239.905,4218.975,4230.315,9.2743
1763035200000,4230.165,4244.925,4184.355,4202.275,18.6003
1763049600000,4202.305,4210.698,4144.965,4163.655,20.0623
1763064000000,4163.675,4186.455,4159.995,4185.725,6.4702
1763078400000,4185.795,4211.015,4173.345,4204.115,7.2145
1763092800000,4204.085,4205.455,4158.685,4180.955,11.637
1763107200000,4180.895,4186.835,4130.685,4132.725,9.649
1763121600000,4132.725,4140.465,4031.955,4093.405,18.3366
1763136000000,4093.515,4110.915,4080.645,4089.785,10.7127
1763150400000,4089.855,4092.195,4075.345,4082.019,3.2702
1763323200000,4084.898,4106.295,4070.395,4096.198,1.7131
1763337600000,4096.248,4101.605,4069.575,4082.655,7.6992
1763352000000,4082.635,4088.985,4049.505,4087.895,6.4001
1763366400000,4088.095,4095.685,4060.905,4078.255,6.4386
1763380800000,4078.245,4092.065,4060.435,4064.075,9.4063
1763395200000,4063.945,4080.895,4010.655,4011.015,11.1271
1763409600000,4010.985,4054.848,4006.735,4036.345,5.0528
1763424000000,4036.435,4044.935,4008.215,4013.075,7.8373
1763438400000,4013.095,4024.985,3997.658,4013.565,7.4476
1763452800000,4013.585,4050.185,4010.225,4039.295,6.6598
1763467200000,4039.315,4081.645,4028.905,4052.765,13.8798
1763481600000,4052.925,4081.798,4040.145,4080.965,9.4776
1763496000000,4080.995,4082.275,4064.735,4076.635,5.3097
1763510400000,4076.595,4080.445,4055.248,4066.735,7.1364
1763524800000,4066.755,4098.415,4064.335,4086.745,6.0112
1763539200000,4086.735,4118.905,4078.125,4112.735,6.3908
1763553600000,4112.715,4132.675,4089.855,4096.515,11.5857
1763568000000,4096.455,4098.365,4055.385,4073.475,11.74
1763582400000,4073.505,4107.825,4065.425,4104.165,4.744
1763596800000,4104.265,4109.805,4039.998,4072.075,9.6284
1763611200000,4072.105,4080.275,4054.025,4059.655,6.5032
1763625600000,4059.535,4072.495,4038.605,4060.515,6.2642
1763640000000,4060.385,4107.055,4059.855,4070.028,14.8619
1763654400000,4069.965,4086.965,4043.348,4084.398,17.5744
1763668800000,4084.375,4088.645,4072.325,4078.675,9.1178
1763683200000,4078.665,4081.015,4049.065,4055.885,7.9548
1763697600000,4055.895,4064.645,4024.538,4031.325,7.9832
1763712000000,4031.365,4063.145,4022.075,4036.325,10.5659
1763726400000,4036.275,4083.645,4034.485,4069.365,17.4374
1763740800000,4069.289,4100.839,4062.705,4087.359,14.1878
1763755200000,4087.365,4088.495,4054.385,4064.279,5.4015
1763928000000,4070.098,4077.285,4064.745,4074.905,1.1902
1763942400000,4074.895,4075.855,4040.375,4050.115,6.1412
1763956800000,4050.075,4067.365,4039.945,4059.875,6.3363
1763971200000,4059.825,4077.015,4059.425,4069.735,6.5204
1763985600000,4069.715,4093.575,4065.325,4091.538,14.0926
1764000000000,4091.475,4125.555,4087.685,4118.245,13.512
1764014400000,4118.189,4144.148,4117.725,4143.498,5.546
1764028800000,4143.298,4155.585,4122.265,4142.895,8.758
1764043200000,4142.895,4151.815,4129.785,4132.168,6.9169
1764057600000,4132.185,4139.138,4109.415,4133.275,6.5268
1764072000000,4133.265,4150.548,4110.685,4123.078,13.9025
1764086400000,4123.078,4159.045,4121.858,4133.505,13.7064
1764100800000,4133.535,4138.129,4127.678,4133.505,4.5594
1764115200000,4133.525,4169.255,4132.445,4165.765,5.7497
1764129600000,4165.745,4168.425,4146.435,4157.205,4.6235
1764144000000,4157.225,4172.848,4154.475,4171.305,7.3464
1764158400000,4171.275,4173.145,4135.675,4165.115,10.0442
1764172800000,4165.235,4171.485,4157.855,4163.085,7.5639
1764187200000,4163.065,4168.405,4161.165,4164.248,3.1536
1764201600000,4163.825,4166.798,4143.945,4147.205,5.7803
1764216000000,4147.175,4162.235,4142.425,4159.828,6.0544
1764230400000,4159.905,4166.825,4148.165,4157.115,5.5261
1764244800000,4157.125,4161.575,4148.895,4157.825,4.4144
1764259200000,4157.805,4160.115,4151.235,4157.448,2.0122
1764273600000,4156.825,4163.565,4156.355,4163.025,0.2641
1764288000000,4163.025,4193.015,4162.625,4183.635,4.7524
1764302400000,4183.555,4188.585,4170.74,4174.295,2.9206
1764316800000,4174.295,4179.455,4150.075,4170.918,11.4187
1764331200000,4170.918,4208.635,4166.935,4203.645,7.9862
1764345600000,4203.565,4226.735,4197.595,4218.959,7.4607
1764532800000,4222.298,4230.349,4204.348,4221.805,1.7221
1764547200000,4221.655,4256.245,4218.055,4239.055,11.7899
1764561600000,4239.075,4246.665,4215.275,4244.998,9.7395
1764576000000,4244.998,4262.025,4237.958,4254.355,8.8964
1764590400000,4254.335,4264.385,4219.345,4232.225,11.9531
1764604800000,4232.255,4244.485,4222.835,4236.745,11.1625
1764619200000,4236.675,4241.225,4224.235,4227.248,3.2971
1764633600000,4227.348,4229.475,4197.895,4216.515,6.6541
1764648000000,4216.545,4226.105,4202.985,4213.165,5.2986
1764662400000,4213.195,4216.955,4180.895,4205.285,5.5332
1764676800000,4205.255,4230.365,4163.458,4169.255,12.3295
1764691200000,4169.375,4200.048,4166.545,4196.135,7.9438
1764705600000,4196.165,4215.825,4194.555,4212.435,3.2943
1764720000000,4212.405,4228.765,4204.325,4220.935,8.297
1764734400000,4220.875,4225.185,4200.065,4206.085,7.0467
1764748800000,4206.515,4210.008,4194.405,4208.465,6.6042
1764763200000,4208.505,4241.235,4204.835,4216.145,13.1768
1764777600000,4216.105,4224.985,4194.945,4207.625,10.321
1764792000000,4207.635,4212.565,4201.915,4206.985,3.3951
1764806400000,4206.955,4216.715,4187.125,4195.565,7.5289
1764820800000,4195.505,4198.885,4175.005,4193.595,7.3691
1764835200000,4193.585,4206.335,4183.315,4198.305,6.8247
1764849600000,4198.199,4213.275,4185.155,4207.148,11.6117
1764864000000,4207.235,4219.255,4199.435,4208.775,8.3764
1764878400000,4208.635,4210.148,4203.655,4205.915,2.3032
1764892800000,4205.975,4210.518,4194.465,4209.345,5.9208
1764907200000,4209.325,4230.485,4207.815,4224.245,7.0259
1764921600000,4224.245,4227.305,4215.735,4223.525,5.0448
1764936000000,4223.525,4259.105,4221.285,4243.465,13.5357
1764950400000,4243.615,4245.525,4198.215,4207.365,12.3433
1764964800000,4207.535,4207.535,4191.815,4197.405,5.5542
1765137600000,4199.615,4202.495,4193.385,4200.665,0.3104
1765152000000,4201.245,4212.915,4197.225,4209.915,6.489
1765166400000,4209.875,4218.755,4204.435,4206.595,5.4535
1765180800000,4206.565,4216.405,4199.418,4208.395,5.009
1765195200000,4208.375,4215.275,4175.998,4182.665,9.9032
1765209600000,4182.625,4197.655,4176.665,4186.865,7.2199
1765224000000,4186.795,4195.355,4184.705,4194.535,2.2484
1765238400000,4194.435,4198.568,4185.785,4194.405,5.5099
1765252800000,4194.295,4195.435,4169.845,4182.135,6.9311
1765267200000,4182.185,4212.645,4182.185,4202.885,6.2857
1765281600000,4202.955,4216.105,4189.229,4212.288,10.5276
1765296000000,4212.278,4221.345,4201.085,4212.405,8.6858
1765310400000,4212.375,4215.805,4204.895,4210.448,7.7296
1765324800000,4210.448,4218.615,4203.365,4206.095,7.3706
1765339200000,4206.025,4214.225,4201.525,4203.145,5.0166
1765353600000,4203.115,4206.435,4187.525,4197.135,5.7927
1765368000000,4197.115,4206.825,4188.645,4193.475,9.5477
1765382400000,4193.575,4219.545,4181.565,4216.365,14.5975
1765396800000,4216.335,4238.445,4210.935,4232.225,5.8048
1765411200000,4232.235,4247.465,4209.095,4216.535,8.8109
1765425600000,4216.469,4218.495,4203.905,4215.845,6.6511
1765440000000,4215.865,4225.775,4209.445,4210.995,4.6975
1765454400000,4211.015,4261.215,4205.035,4255.785,11.5975
1765468800000,4255.825,4285.705,4249.855,4273.315,9.3342
1765483200000,4273.285,4283.548,4263.995,4275.905,4.4837
1765497600000,4275.905,4279.948,4264.148,4270.425,7.6451
1765512000000,4270.405,4290.245,4265.805,4286.975,6.488
1765526400000,4286.895,4339.075,4286.895,4336.165,9.7838
1765540800000,4336.135,4353.325,4282.895,4290.075,16.578
1765555200000,4290.055,4303.555,4256.845,4296.385,12.7118
1765569600000,4296.365,4303.935,4288.475,4298.705,4.7385
1765742400000,4299.298,4308.195,4293.798,4301.975,1.0316
1765756800000,4302.155,4329.415,4299.945,4327.005,6.4199
1765771200000,4326.955,4347.185,4322.915,4338.985,7.0578
1765785600000,4338.975,4349.995,4335.008,4342.575,6.7816
1765800000000,4342.555,4348.195,4311.315,4318.035,11.9695
1765814400000,4318.005,4318.695,4285.055,4314.015,10.3954
1765828800000,4314.035,4314.198,4299.365,4303.965,3.7827
1765843200000,4303.955,4317.695,4280.385,4290.725,7.9749
1765857600000,4290.695,4292.055,4271.125,4287.455,6.1375
1765872000000,4287.355,4289.215,4273.585,4278.345,5.6387
1765886400000,4278.345,4334.935,4276.605,4319.625,11.6629
1765900800000,4319.595,4323.085,4291.075,4310.315,11.6587
1765915200000,4310.299,4314.125,4300.535,4307.695,4.7175
1765929600000,4307.765,4327.565,4307.275,4323.565,7.0973
1765944000000,4323.585,4342.255,4315.375,4317.715,7.2854
1765958400000,4317.625,4323.075,4306.305,4316.115,5.1309
1765972800000,4316.125,4348.675,4314.725,4330.115,13.2121
1765987200000,4330.355,4346.375,4319.985,4336.895,10.2656
1766001600000,4336.935,4346.135,4335.085,4338.648,3.5221
1766016000000,4338.648,4342.735,4324.205,4332.955,7.1836
1766030400000,4332.925,4337.595,4328.375,4331.205,6.0154
1766044800000,4331.185,4332.375,4320.485,4325.465,9.6612
1766059200000,4325.455,4342.845,4308.285,4337.868,14.3164
1766073600000,4337.745,4374.395,4321.765,4324.735,13.1261
1766088000000,4324.795,4338.085,4324.355,4334.865,4.2821
1766102400000,4334.845,4335.495,4308.715,4317.835,5.3093
1766116800000,4317.805,4329.415,4316.725,4322.445,6.5742
1766131200000,4322.335,4333.475,4320.815,4327.075,5.5067
1766145600000,4327.075,4348.975,4319.528,4347.635,9.9276
1766160000000,4347.595,4356.365,4341.845,4345.065,9.4865
1766174400000,4345.025,4346.295,4336.275,4338.669,2.3414
1766347200000,4338.898,4355.948,4336.635,4354.915,0.998
1766361600000,4354.885,4394.615,4354.885,4392.265,6.8163
1766376000000,4392.248,4420.165,4390.948,4414.019,6.7194
1766390400000,4414.019,4415.555,4405.755,4410.045,5.6918
1766404800000,4410.025,4435.338,4405.905,4431.548,9.7158
1766419200000,4431.548,4441.948,4427.975,4433.395,10.3084
1766433600000,4433.298,4461.598,4431.385,4459.865,5.3108
1766448000000,4459.865,4497.345,4457.705,4486.425,8.582
1766462400000,4486.335,4489.405,4469.265,4486.375,8.4901
1766476800000,4486.345,4494.005,4477.945,4493.325,7.3717
1766491200000,4493.265,4497.175,4429.975,4458.148,11.6496
1766505600000,4458.185,4496.105,4455.559,4490.618,10.7622
1766520000000,4490.618,4510.175,4481.298,4503.125,7.5254
1766534400000,4503.095,4525.765,4467.919,4492.825,11.7565
1766548800000,4492.875,4501.225,4483.195,4483.625,6.9259
1766563200000,4483.585,4499.525,4477.805,4491.235,7.5978
1766577600000,4491.235,4495.705,4447.895,4458.235,15.8256
1766592000000,4458.195,4487.515,4455.725,4479.029,8.8206
1766692800000,4490.045,4499.625,4482.655,4494.785,1.4574
1766707200000,4494.875,4530.975,4491.535,4501.565,14.928
1766721600000,4501.589,4519.155,4500.235,4510.555,13.3333
1766736000000,4510.625,4523.165,4502.505,4509.495,13.8762
1766750400000,4509.545,4547.045,4503.205,4546.245,16.6189
1766764800000,4546.275,4549.715,4509.625,4523.515,18.0371
1766779200000,4523.535,4535.395,4521.498,4532.365,6.3306
1766952000000,4538.698,4549.298,4522.625,4526.448,3.4708
1766966400000,4526.448,4527.545,4471.498,4516.315,19.3756
1766980800000,4516.145,4519.325,4444.735,4474.175,15.0223
1766995200000,4474.275,4488.255,4433.835,4446.325,10.8619
1767009600000,4446.545,4467.288,4300.698,4325.065,17.5356
1767024000000,4325.015,4347.148,4314.845,4336.655,10.7712
1767038400000,4336.685,4346.815,4322.965,4345.455,5.5872
1767052800000,4345.465,4368.925,4324.195,4358.875,13.35
1767067200000,4358.895,4383.035,4357.285,4372.098,9.3977
1767081600000,4372.098,4391.515,4349.955,4383.965,7.8945
1767096000000,4383.965,4403.998,4355.335,4364.885,20.6208
1767110400000,4365.085,4381.625,4337.565,4348.345,16.8399
1767124800000,4348.345,4355.245,4328.765,4338.655,6.8247
1767139200000,4338.655,4372.905,4332.385,4347.898,16.339
1767153600000,4348.098,4350.898,4273.805,4330.738,14.6784
1767168000000,4330.738,4337.065,4302.998,4310.725,8.2752
1767182400000,4310.775,4353.048,4302.598,4337.145,12.538
1767196800000,4337.175,4339.505,4307.585,4311.115,9.6711
1767211200000,4311.125,4324.285,4304.195,4318.679,3.6975
1767297600000,4323.698,4351.005,4323.198,4347.805,0.863
1767312000000,4347.798,4375.398,4341.075,4374.748,7.1971
1767326400000,4374.759,4383.165,4370.598,4382.525,5.6759
1767340800000,4382.545,4398.998,4380.555,4392.535,6.4477
1767355200000,4392.565,4401.928,4330.065,4335.095,12.0197
1767369600000,4335.055,4337.095,4309.618,4317.845,9.6452
1767384000000,4317.815,4333.165,4316.925,4331.575,3.2221
1767556800000,4360.875,4375.665,4344.425,4372.345,2.5305
1767571200000,4372.275,4421.195,4370.025,4399.615,14.1039
1767585600000,4399.645,4426.095,4397.005,4421.465,10.9843
1767600000000,4421.465,4439.675,4410.285,4419.035,10.4334
1767614400000,4419.065,4455.425,4396.045,4448.275,12.1801
1767628800000,4448.255,4454.125,4432.095,4439.485,7.6912
1767643200000,4439.448,4459.815,4436.555,4440.285,4.2687
1767657600000,4440.285,4467.885,4427.725,4467.305,8.9129
1767672000000,4467.298,4473.915,4449.198,4459.125,9.4793
1767686400000,4459.105,4475.485,4442.095,4462.948,13.3291
1767700800000,4463.048,4490.615,4453.535,4478.025,18.8644
1767715200000,4477.978,4493.775,4471.178,4481.195,14.1713
1767729600000,4481.155,4500.348,4480.135,4493.235,5.6537
1767744000000,4493.185,4495.595,4459.308,4474.505,10.1943
1767758400000,4474.525,4475.755,4441.248,4460.935,8.394
1767772800000,4460.785,4474.648,4446.255,4447.135,8.2979
1767787200000,4447.505,4454.805,4423.135,4445.895,13.1593
1767801600000,4445.845,4468.075,4443.615,4456.875,12.3347
1767816000000,4456.835,4463.735,4449.688,4463.205,4.5829
1767830400000,4463.145,4466.075,4433.275,4439.925,11.0807
1767844800000,4439.925,4440.255,4415.215,4430.745,10.2243
1767859200000,4430.725,4435.145,4419.438,4422.675,6.6802
1767873600000,4422.735,4456.315,4407.485,4454.015,15.2631
1767888000000,4454.035,4465.165,4444.565,4451.895,8.9966
1767902400000,4451.875,4483.548,4451.285,4475.485,4.0989
1767916800000,4475.445,4476.675,4452.585,4463.905,7.956
1767931200000,4463.875,4477.125,4457.985,4469.935,5.199
1767945600000,4470.025,4477.445,4463.905,4475.048,5.2876
1767960000000,4474.995,4516.898,4458.595,4511.988,14.6905
1767974400000,4511.988,4513.908,4481.615,4498.925,17.4141
1767988800000,4498.865,4510.998,4497.405,4509.015,6.0365
1768161600000,4520.298,4544.735,4511.898,4539.855,1.9448
1768176000000,4539.775,4601.048,4536.055,4570.285,12.8327
1768190400000,4570.305,4589.465,4563.118,4587.485,7.0169
1768204800000,4587.455,4599.245,4579.235,4584.995,6.7358
1768219200000,4585.015,4627.275,4578.145,4621.135,14.2224
1768233600000,4620.765,4629.975,4600.215,4610.975,9.7712
1768248000000,4611.015,4611.625,4577.335,4599.095,6.7907
1768262400000,4599.205,4599.455,4575.275,4593.955,7.7681
1768276800000,4593.925,4601.945,4573.325,4580.445,5.9026
1768291200000,4580.495,4596.855,4579.505,4588.365,5.3653
1768305600000,4588.435,4634.285,4577.615,4618.905,16.707
1768320000000,4618.885,4620.445,4580.835,4597.305,15.0765
1768334400000,4597.325,4598.655,4569.185,4596.805,6.2676
1768348800000,4596.795,4629.865,4596.745,4627.955,7.1248
1768363200000,4627.975,4639.535,4617.685,4632.145,8.0101
1768377600000,4632.125,4639.425,4621.265,4630.145,5.9114
1768392000000,4630.375,4641.595,4599.165,4617.715,12.7875
1768406400000,4617.735,4642.695,4600.985,4638.995,12.6861
1768420800000,4639.045,4641.335,4602.575,4615.015,6.2512
1768435200000,4614.935,4617.915,4580.925,4592.015,10.4988
1768449600000,4592.015,4613.365,4580.815,4601.565,8.0994
1768464000000,4601.585,4622.755,4597.685,4619.005,5.5854
1768478400000,4619.105,4620.555,4582.135,4615.145,15.4952
1768492800000,4615.165,4624.325,4600.975,4615.635,12.2086
1768507200000,4615.635,4620.448,4600.399,4609.855,7.1611
1768521600000,4609.835,4610.845,4590.975,4596.115,7.9735
1768536000000,4596.055,4615.735,4593.865,4607.285,7.226
1768550400000,4607.245,4615.965,4598.285,4612.335,4.3615
1768564800000,4612.365,4620.035,4536.515,4570.855,15.0111
1768579200000,4570.835,4598.835,4567.138,4590.245,10.2095
1768593600000,4590.285,4598.085,4580.335,4595.515,4.7121
1768766400000,4625.755,4690.265,4618.988,4672.365,2.8176
1768780800000,4672.375,4681.735,4652.845,4658.048,8.6108
1768795200000,4658.208,4678.855,4657.898,4664.955,5.638
1768809600000,4664.955,4673.655,4659.425,4660.295,5.2747
1768824000000,4660.335,4675.955,4659.825,4674.055,6.7729
1768838400000,4674.085,4680.105,4666.848,4669.975,3.5773
1768852800000,4671.298,4676.448,4664.185,4665.135,0.7704
1768867200000,4665.145,4681.355,4659.245,4679.985,6.1327
1768881600000,4679.965,4722.505,4679.405,4715.915,7.3284
1768896000000,4715.945,4737.285,4714.745,4732.885,6.6588
1768910400000,4732.678,4750.835,4715.075,4737.215,16.5385
1768924800000,4737.235,4766.145,4728.685,4760.555,10.8842
1768939200000,4760.505,4780.895,4747.048,4775.625,4.5756
1768953600000,4775.605,4849.545,4770.198,4844.735,8.9206
1768968000000,4844.675,4888.075,4832.375,4855.055,8.7696
1768982400000,4855.075,4876.965,4851.325,4866.705,5.5499
1768996800000,4866.735,4880.635,4812.415,4847.505,11.8382
1769011200000,4847.535,4855.435,4755.345,4780.995,13.7033
1769025600000,4780.858,4839.535,4771.915,4777.915,7.0028
1769040000000,4777.875,4809.405,4772.185,4796.365,8.3787
1769054400000,4796.395,4839.353,4793.505,4832.485,5.6112
1769068800000,4832.465,4837.925,4813.605,4831.015,4.5456
1769083200000,4830.985,4873.535,4810.535,4871.615,9.1095
1769097600000,4871.645,4924.235,4867.915,4911.575,8.9616
1769112000000,4911.595,4960.435,4911.375,4958.795,4.1393
1769126400000,4958.785,4967.075,4935.995,4951.855,6.0456
1769140800000,4951.835,4967.235,4943.105,4944.325,4.0806
1769155200000,4944.305,4947.565,4899.545,4922.625,6.3311
1769169600000,4923.025,4963.265,4918.205,4960.295,9.6981
1769184000000,4960.345,4989.675,4957.995,4983.945,8.8613
1769198400000,4983.875,4989.648,4970.385,4983.785,3.183
1769371200000,5003.285,5039.695,5001.098,5039.395,2.3352
1769385600000,5039.525,5092.785,5028.745,5076.525,11.5143
1769400000000,5076.445,5110.885,5052.175,5088.855,8.9106
1769414400000,5088.815,5098.376,5075.145,5091.345,6.802
1769428800000,5091.385,5097.215,5054.375,5090.615,11.4887
1769443200000,5090.655,5105.015,5008.018,5028.225,16.3975
1769457600000,5028.265,5062.055,4989.805,5043.195,10.5697
1769472000000,5043.225,5079.575,5013.595,5076.815,9.9619
1769486400000,5076.785,5100.585,5057.005,5085.725,9.0135
1769500800000,5085.725,5099.345,5066.808,5076.705,7.072
1769515200000,5076.755,5092.695,5046.465,5090.775,13.7018
1769529600000,5090.575,5103.075,5076.135,5098.745,10.9583
1769544000000,5098.715,5190.235,5097.745,5171.895,9.256
1769558400000,5171.975,5247.475,5157.115,5234.945,12.3069
1769572800000,5234.845,5292.565,5232.105,5290.335,9.0031
1769587200000,5290.285,5311.245,5238.345,5261.375,10.1202
1769601600000,5261.385,5298.125,5235.238,5278.085,16.8221
1769616000000,5278.045,5331.598,5268.245,5325.105,16.9827
1769630400000,5324.889,5596.805,5320.955,5512.255,12.1902
1769644800000,5512.795,5551.315,5444.348,5545.655,15.0545
1769659200000,5545.635,5595.275,5515.485,5548.755,13.6069
1769673600000,5548.725,5554.585,5470.545,5522.445,11.8748
1769688000000,5522.425,5549.335,5098.765,5181.848,17.3839
1769702400000,5181.825,5375.255,5171.455,5305.385,19.8203
1769716800000,5305.395,5447.649,5282.335,5437.995,10.146
1769731200000,5437.995,5450.745,5111.398,5195.415,18.5955
1769745600000,5195.335,5240.865,5117.205,5180.805,15.1467
1769760000000,5180.805,5180.805,4940.895,5135.285,23.4924
1769774400000,5135.285,5145.445,4979.725,5050.045,27.4232
1769788800000,5050.035,5051.528,4679.725,4931.925,25.6896
1769803200000,4931.975,4932.245,4806.428,4895.118,9.2779
1769976000000,4817.598,4820.748,4694.575,4741.745,1.7657
1769990400000,4741.725,4884.248,4582.798,4645.605,23.2208
1770004800000,4646.125,4712.188,4401.038,4586.155,25.2042
1770019200000,4586.195,4779.025,4557.905,4765.245,24.1485
1770033600000,4765.345,4811.895,4616.395,4619.345,27.9387
1770048000000,4619.235,4713.318,4596.125,4684.708,21.1993
1770062400000,4684.708,4775.415,4643.325,4773.935,10.4531
1770076800000,4773.975,4856.248,4744.808,4808.795,21.7468
1770091200000,4808.665,4933.305,4800.215,4916.935,12.5643
1770105600000,4916.905,4949.395,4883.445,4916.475,9.0612
1770120000000,4916.991,4950.835,4891.855,4935.115,14.2412
1770134400000,4935.265,4993.458,4880.295,4926.945,19.8486
1770148800000,4926.925,4971.098,4901.945,4946.875,7.753
1770163200000,4946.895,5073.315,4945.725,5069.805,11.675
1770177600000,5069.815,5091.115,5050.745,5084.298,7.6888
1770192000000,5084.298,5091.395,5013.015,5047.255,8.97
1770206400000,5047.165,5063.155,4886.798,4919.995,15.2994
1770220800000,4919.975,4957.335,4844.165,4941.535,17.8153
1770235200000,4941.515,5023.405,4914.135,5011.895,5.658
1770249600000,5011.705,5020.175,4787.685,4879.905,17.8758
1770264000000,4879.895,4939.925,4824.115,4915.505,13.4799
1770278400000,4914.805,4943.215,4847.205,4867.845,11.6117
1770292800000,4867.498,4877.905,4800.055,4817.345,20.9417
1770307200000,4817.265,4906.095,4812.155,4829.135,14.4206
1770321600000,4828.879,4842.985,4702.915,4703.275,6.902
1770336000000,4703.265,4846.045,4654.355,4823.995,17.524
1770350400000,4823.915,4902.975,4806.895,4840.185,9.5999
1770364800000,4840.185,4895.498,4828.575,4886.735,8.6777
1770379200000,4886.725,4964.338,4871.555,4943.365,12.9529
1770393600000,4943.455,4970.898,4921.578,4957.015,7.102
1770408000000,4957.065,4967.598,4936.385,4964.298,2.5661
1770580800000,4980.098,5046.805,4962.605,5035.475,2.1799
1770595200000,5035.475,5044.195,4967.835,5015.735,12.3408
1770609600000,5015.885,5045.615,4994.955,5006.095,7.251
1770624000000,5006.125,5040.785,4982.125,5010.585,5.1991
1770638400000,5010.615,5060.045,4994.855,5058.675,8.7953
1770652800000,5058.705,5080.495,5040.635,5074.195,6.5394
1770667200000,5074.275,5086.265,4985.748,5031.245,5.6778
1770681600000,5031.095,5055.935,5008.155,5029.855,11.0068
1770696000000,5029.655,5045.195,5010.925,5033.765,6.9581
1770710400000,5033.519,5063.055,5028.605,5055.675,4.6712
1770724800000,5055.695,5078.485,4998.685,5019.028,9.9632
1770739200000,5019.035,5039.875,5004.558,5027.685,7.047
1770753600000,5027.705,5054.435,5020.045,5041.575,3.3163
1770768000000,5041.535,5060.425,5027.755,5054.055,5.1398
1770782400000,5054.025,5069.125,5043.285,5055.255,3.8834
1770796800000,5054.735,5116.185,5045.365,5111.405,5.6876
1770811200000,5112.065,5118.815,5017.995,5059.885,12.6519
1770825600000,5059.515,5098.765,5042.745,5081.705,9.8517
1770840000000,5081.695,5099.798,5051.925,5060.785,5.244
1770854400000,5060.625,5074.425,5044.368,5056.655,6.4283
1770868800000,5056.605,5077.995,5046.678,5063.385,4.2349
1770883200000,5063.415,5080.535,5051.895,5063.505,3.9886
1770897600000,5063.558,5083.475,5039.265,5060.248,7.3619
1770912000000,5060.295,5067.895,4877.255,4945.325,18.4213
1770926400000,4945.425,4948.205,4886.258,4919.775,6.1087
1770940800000,4919.875,4991.315,4913.505,4981.115,6.6867
1770955200000,4981.095,4996.955,4944.475,4974.845,5.3182
1770969600000,4974.705,4989.315,4933.495,4953.795,6.9041
1770984000000,4953.355,5020.155,4951.795,4976.338,10.4515
1770998400000,4976.375,5045.805,4975.298,5023.285,7.8697
1771012800000,5023.595,5045.965,5021.275,5040.285,2.7276
1771185600000,5035.898,5051.678,5006.628,5019.898,1.8144
1771200000000,5019.655,5030.945,4967.305,4987.195,5.1838
1771214400000,4987.195,5009.738,4964.868,5006.985,3.7555
1771228800000,5006.985,5017.055,4995.295,5004.075,2.7209
1771243200000,5004.115,5007.865,4968.665,4979.405,3.67
1771257600000,4979.365,4997.535,4972.875,4990.375,2.1476
1771272000000,4994.098,5000.645,4984.445,4989.435,0.7446
1771286400000,4989.465,4991.005,4922.558,4956.505,5.1596
1771300800000,4956.425,4960.055,4856.648,4916.765,6.1748
1771315200000,4916.885,4938.965,4907.355,4929.015,3.7725
1771329600000,4928.679,4944.255,4840.095,4878.135,12.3266
1771344000000,4878.165,4910.165,4849.645,4879.975,9.8985
1771358400000,4879.925,4886.485,4853.775,4858.815,5.2454
1771372800000,4858.855,4921.975,4857.848,4920.425,4.0099
1771387200000,4920.445,4942.095,4918.015,4929.995,2.6803
1771401600000,4929.945,4932.098,4906.055,4912.735,3.0571
1771416000000,4912.775,5008.698,4911.765,4997.625,7.1137
1771430400000,4997.765,5010.815,4972.655,4980.315,7.0108
1771444800000,4980.335,4988.495,4965.255,4975.635,3.2221
1771459200000,4975.615,4982.925,4960.048,4981.278,2.6048
1771473600000,4981.115,5021.555,4976.655,5010.025,2.1578
1771488000000,5010.005,5022.015,4977.695,4984.115,4.3246
1771502400000,4984.125,5021.948,4962.638,5013.445,8.8273
1771516800000,5013.398,5014.025,4975.065,4987.675,6.1974
1771531200000,4987.715,5007.498,4985.135,4987.445,2.8483
1771545600000,4987.508,5014.515,4981.315,4987.685,2.7644
1771560000000,4988.045,5029.675,4986.365,5006.005,2.8636
1771574400000,5006.035,5042.325,5004.665,5016.955,4.3529
1771588800000,5017.395,5063.775,4989.025,5042.318,11.0795
1771603200000,5042.318,5079.675,5038.365,5079.098,9.4876
1771617600000,5079.165,5107.698,5076.555,5106.169,3.263
1771790400000,5106.098,5171.565,5096.958,5165.025,2.0863
1771804800000,5164.255,5176.385,5129.035,5166.415,7.2487
1771819200000,5166.345,5168.585,5124.965,5136.535,4.6516
1771833600000,5136.245,5163.295,5121.818,5149.475,4.0469
1771848000000,5149.275,5204.875,5141.225,5195.928,8.7251
1771862400000,5195.588,5218.865,5175.545,5215.298,8.5753
1771876800000,5215.265,5249.575,5214.515,5235.345,4.4849
1771891200000,5235.395,5237.825,5144.698,5171.765,8.4636
1771905600000,5171.765,5185.545,5156.305,5179.125,4.4081
1771920000000,5178.869,5181.648,5162.845,5172.545,4.4049
1771934400000,5172.525,5173.255,5093.225,5150.098,11.4285
1771948800000,5150.098,5170.045,5130.498,5153.705,7.9716
1771963200000,5153.735,5173.075,5127.048,5146.365,3.6724
1771977600000,5146.395,5193.518,5136.535,5181.648,5.3823
1771992000000,5181.648,5210.335,5171.945,5184.455,4.0055
1772006400000,5184.415,5197.025,5154.895,5181.315,3.8622
1772020800000,5181.295,5202.355,5158.445,5194.645,8.0362
1772035200000,5194.625,5217.385,5189.445,5204.745,5.8831
1772049600000,5204.785,5206.098,5144.958,5162.905,4.5771
1772064000000,5162.925,5198.285,5154.835,5192.455,6.4151
1772078400000,5192.425,5205.215,5179.358,5185.745,4.5344
1772092800000,5186.075,5190.605,5160.985,5164.405,4.208
1772107200000,5164.465,5192.535,5129.495,5185.388,10.8642
1772121600000,5185.388,5193.845,5160.115,5186.765,7.4285
1772136000000,5186.548,5200.865,5172.845,5184.345,4.3365
1772150400000,5184.375,5199.425,5166.535,5183.675,6.7406
1772164800000,5183.645,5200.075,5175.375,5175.705,5.3892
1772179200000,5176.135,5185.515,5168.155,5185.495,4.3796
1772193600000,5185.465,5246.248,5182.638,5239.215,12.8814
1772208000000,5239.365,5257.405,5220.375,5249.698,10.7665
1772222400000,5249.705,5280.878,5248.335,5277.419,4.6246
1772395200000,5372.198,5392.995,5296.668,5386.545,3.1706
1772409600000,5386.675,5387.645,5302.695,5366.095,11.5762
1772424000000,5366.065,5418.875,5340.575,5408.105,6.2732
1772438400000,5408.075,5416.455,5374.865,5385.155,6.071
1772452800000,5385.035,5416.625,5305.069,5315.505,13.8672
1772467200000,5314.925,5333.795,5260.095,5330.195,10.6639
1772481600000,5330.235,5346.658,5320.698,5345.695,4.5951
1772496000000,5345.755,5379.755,5332.525,5367.115,7.0989
1772510400000,5367.055,5375.255,5278.598,5327.435,7.1817
1772524800000,5327.395,5335.735,5071.645,5144.318,13.0659
1772539200000,5144.485,5226.505,4995.475,5095.098,19.3224
1772553600000,5094.998,5148.645,5065.045,5112.985,14.7088
1772568000000,5113.485,5130.085,5082.955,5125.035,5.9121
1772582400000,5125.015,5190.675,5105.348,5173.978,9.0682
1772596800000,5173.795,5180.505,5119.395,5168.025,8.9848
1772611200000,5168.148,5202.048,5147.238,5191.975,6.2357
1772625600000,5192.055,5205.995,5130.965,5151.005,14.1625
1772640000000,5150.995,5162.138,5108.678,5137.725,11.3621
1772654400000,5137.495,5165.965,5123.495,5165.025,4.2088
1772668800000,5164.995,5194.615,5159.105,5179.915,5.508
1772683200000,5179.935,5186.415,5119.995,5161.845,6.3159
1772697600000,5161.805,5180.165,5137.218,5163.655,6.2284
1772712000000,5163.615,5171.255,5060.025,5102.225,10.9577
1772726400000,5102.255,5104.475,5050.638,5065.895,12.4972
1772740800000,5065.805,5101.705,5061.485,5085.885,5.0395
1772755200000,5085.835,5143.665,5066.215,5130.705,5.4775
1772769600000,5130.745,5136.095,5105.495,5119.435,3.9315
1772784000000,5119.455,5122.765,5062.125,5076.655,5.8312
1772798400000,5076.705,5171.238,5065.058,5141.615,14.1302
1772812800000,5141.585,5174.355,5125.735,5159.475,9.051
1772827200000,5159.535,5175.048,5149.155,5171.798,2.4886
1773000000000,5178.935,5196.698,5043.468,5075.675,6.0477
1773014400000,5075.295,5102.145,5014.655,5091.115,9.7235
1773028800000,5091.145,5140.365,5080.765,5098.705,6.7493
1773043200000,5098.685,5132.235,5079.235,5087.795,6.914
1773057600000,5087.935,5115.795,5060.139,5099.268,12.2655
1773072000000,5099.015,5143.898,5088.685,5140.785,10.89
1773086400000,5140.765,5155.825,5117.065,5139.475,3.6438
1773100800000,5139.305,5186.578,5124.465,5157.375,6.9975
1773115200000,5157.238,5181.306,5154.125,5180.855,5.0779
1773129600000,5180.815,5194.945,5156.175,5174.975,5.4937
1773144000000,5175.005,5238.365,5162.225,5228.395,9.7915
1773158400000,5228.365,5235.475,5160.445,5198.648,9.4047
1773172800000,5198.648,5198.898,5182.395,5197.175,1.8669
1773187200000,5197.175,5223.015,5186.495,5203.145,4.2362
1773201600000,5203.225,5210.485,5184.425,5195.465,3.5384
1773216000000,5195.445,5198.465,5175.155,5180.985,4.4848
1773230400000,5181.005,5195.958,5149.065,5166.105,13.4872
1773244800000,5166.075,5183.295,5154.165,5182.965,11.1021
1773259200000,5182.975,5183.345,5129.175,5134.205,3.0914
1773273600000,5134.225,5174.945,5125.185,5152.648,5.3745
1773288000000,5152.848,5185.085,5136.855,5181.858,3.9151
1773302400000,5182.225,5191.388,5172.475,5178.835,3.9086
1773316800000,5178.855,5185.965,5109.365,5132.115,10.3519
1773331200000,5131.938,5137.825,5079.125,5084.595,10.3022
1773345600000,5084.725,5101.015,5054.795,5097.775,2.9155
1773360000000,5097.725,5128.225,5097.245,5115.435,4.2788
1773374400000,5115.435,5117.755,5071.455,5085.025,5.0778
1773388800000,5084.705,5107.645,5061.285,5107.605,4.92
1773403200000,5107.345,5121.645,5031.355,5034.535,10.4201
1773417600000,5033.945,5063.665,5009.495,5016.078,9.2394
1773432000000,5016.425,5025.048,5012.155,5018.098,1.2711
1773604800000,5003.001,5029.945,4967.125,4997.255,4.3996
1773619200000,4997.275,5030.555,4982.165,5018.925,8.1046
1773633600000,5018.945,5035.885,4991.518,4995.395,4.966
1773648000000,4995.395,5022.485,4970.115,4996.845,6.2633
1773662400000,4996.965,5037.715,4983.625,4986.875,10.3279
1773676800000,4986.875,5020.095,4973.785,5012.605,8.3962
1773691200000,5012.608,5021.575,4998.375,5012.645,1.9667
1773705600000,5012.575,5033.445,4994.605,5027.265,4.5247
1773720000000,5027.215,5044.355,5004.685,5020.955,4.6941
1773734400000,5021.425,5029.375,4991.735,5003.015,4.4861
1773748800000,5002.995,5031.215,4973.495,4997.705,9.1934
1773763200000,4997.738,5008.845,4991.355,5000.055,7.2158
1773777600000,5000.105,5006.685,4993.015,5002.695,1.3911
1773792000000,5002.705,5015.675,4985.845,4990.965,4.8366
1773806400000,4991.005,5016.065,4981.425,4994.209,4.3509
1773820800000,4994.259,4996.139,4924.575,4930.055,25.2659
1773835200000,4930.085,4932.345,4833.865,4862.185,15.8103
1773849600000,4862.165,4899.085,4838.295,4842.935,9.4828
1773864000000,4842.575,4848.535,4803.845,4836.505,4.966
1773878400000,4836.495,4866.995,4832.745,4850.605,5.419
1773892800000,4850.515,4853.635,4726.755,4727.635,7.7271
1773907200000,4727.525,4740.145,4650.675,4651.385,13.2139
1773921600000,4651.455,4653.785,4502.108,4596.155,20.3022
1773936000000,4596.035,4663.215,4573.595,4643.765,15.0773
1773950400000,4643.525,4676.865,4633.905,4643.325,3.7997
1773964800000,4643.205,4735.835,4639.215,4725.595,7.0626
1773979200000,4725.615,4727.265,4661.065,4706.005,6.2845
1773993600000,4706.025,4734.645,4636.845,4671.415,7.7038
1774008000000,4671.535,4695.295,4540.455,4553.055,16.5221
1774022400000,4553.085,4613.575,4477.125,4501.135,18.8413
1774036800000,4501.185,4514.118,4487.425,4490.055,2.2557
1774209600000,4470.705,4535.815,4448.835,4464.415,4.7961
1774224000000,4464.435,4472.975,4318.825,4352.665,15.2989
1774238400000,4352.645,4381.625,4098.275,4203.965,16.0097
1774252800000,4203.695,4463.015,4202.059,4378.795,17.2315
1774267200000,4378.825,4512.665,4336.305,4363.515,20.7887
1774281600000,4363.158,4466.895,4352.058,4398.025,16.4137
1774296000000,4397.625,4448.005,4359.348,4440.915,5.2585
1774310400000,4440.895,4446.435,4305.565,4347.045,13.2044
1774324800000,4347.025,4432.785,4319.515,4416.855,12.3645
1774339200000,4416.815,4441.865,4373.048,4407.345,14.8284
1774353600000,4407.375,4433.085,4350.838,4411.118,33.8434
1774368000000,4411.158,4427.148,4372.155,4400.085,16.731
1774382400000,4399.998,4551.118,4397.025,4546.375,8.1452
1774396800000,4546.335,4602.125,4537.065,4569.738,12.7688
1774411200000,4569.595,4574.385,4532.668,4539.065,9.2163
1774425600000,4539.135,4585.475,4527.665,4578.665,6.8469
1774440000000,4578.605,4583.385,4521.695,4558.725,12.5675
1774454400000,4558.775,4568.695,4486.508,4530.835,9.5908
1774468800000,4530.745,4541.755,4488.575,4497.875,4.4912
1774483200000,4497.845,4544.275,4497.798,4516.425,7.5249
1774497600000,4516.585,4523.985,4415.505,4452.565,7.3412
1774512000000,4452.355,4459.075,4412.595,4422.795,12.2375
1774526400000,4422.775,4479.515,4416.335,4437.945,16.2873
1774540800000,4437.945,4442.398,4358.915,4363.765,12.9712
1774555200000,4363.685,4420.305,4350.995,4404.665,5.1267
1774569600000,4404.775,4445.935,4375.235,4437.265,4.9806
1774584000000,4437.315,4474.915,4431.215,4447.435,4.4377
1774598400000,4447.465,4450.388,4404.025,4419.745,7.1411
1774612800000,4419.495,4554.965,4412.295,4523.685,17.0409
1774627200000,4523.905,4533.285,4485.855,4514.115,9.8167
1774641600000,4514.105,4520.295,4490.885,4492.375,0.9738
1774814400000,4491.518,4514.675,4443.485,4448.495,4.3254
1774828800000,4448.675,4517.445,4417.665,4495.665,9.8995
1774843200000,4495.695,4550.485,4485.885,4526.965,6.2992
1774857600000,4526.935,4580.465,4523.248,4559.375,6.3952
1774872000000,4559.355,4578.455,4511.748,4548.135,10.8081
1774886400000,4547.915,4549.405,4492.885,4513.095,8.8365
1774900800000,4513.085,4523.445,4492.445,4513.325,3.4037
1774915200000,4513.375,4619.195,4482.115,4556.935,9.4957
1774929600000,4556.915,4581.515,4543.065,4564.205,6.765
1774944000000,4564.028,4592.955,4529.115,4582.115,7.1404
1774958400000,4582.155,4630.098,4567.555,4609.165,12.379
1774972800000,4609.065,4685.325,4606.795,4682.465,11.3491
1774987200000,4682.685,4699.825,4661.625,4696.065,3.9096
1775001600000,4695.965,4724.005,4677.648,4681.558,7.183
1775016000000,4681.578,4747.565,4666.605,4712.715,7.012
1775030400000,4712.725,4762.555,4709.995,4752.135,5.7015
1775044800000,4752.165,4787.936,4716.005,4786.298,10.8045
1775059200000,4786.225,4793.135,4741.805,4765.735,10.7521
1775073600000,4765.715,4800.185,4747.875,4783.698,3.5077
1775088000000,4783.655,4798.525,4648.335,4676.185,12.5998
1775102400000,4676.405,4681.445,4553.158,4642.485,8.5345
1775116800000,4642.455,4648.555,4592.445,4599.875,6.5482
1775131200000,4599.875,4699.635,4580.625,4660.745,16.6473
1775145600000,4660.715,4681.535,4642.618,4671.695,12.0269
1775160000000,4671.745,4677.605,4664.025,4675.805,0.9644
1775419200000,4651.645,4664.715,4604.378,4610.078,4.8128
1775433600000,4610.078,4671.435,4600.385,4640.215,7.5172
1775448000000,4640.195,4688.055,4639.635,4684.485,4.4026
1775462400000,4684.445,4706.255,4676.755,4677.655,4.7598
1775476800000,4677.615,4697.575,4651.548,4667.678,13.4388
1775491200000,4667.698,4672.208,4645.255,4655.098,8.3888
1775505600000,4655.098,4667.615,4646.848,4658.555,1.9123
1775520000000,4659.155,4664.265,4616.025,4649.268,7.6444
1775534400000,4649.228,4663.818,4622.745,4645.795,8.4045
1775548800000,4645.765,4693.955,4628.595,4659.265,11.1435
1775563200000,4659.535,4670.765,4607.335,4655.098,15.362
1775577600000,4655.098,4718.465,4652.158,4700.415,14.5684
1775592000000,4700.475,4836.105,4696.748,4832.958,8.1991
1775606400000,4832.958,4856.998,4787.965,4797.215,8.0866
1775620800000,4797.295,4843.505,4789.985,4813.045,5.7438
1775635200000,4813.355,4819.555,4770.885,4798.138,6.5264
1775649600000,4798.085,4807.005,4731.905,4756.205,13.6941
1775664000000,4756.175,4765.298,4699.235,4730.465,9.7766
1775678400000,4730.298,4732.525,4704.075,4715.215,3.9687
1775692800000,4715.375,4732.595,4698.085,4711.165,5.8882
1775707200000,4711.185,4730.995,4703.185,4724.065,6.0605
1775721600000,4724.005,4757.465,4719.428,4756.335,4.6001
1775736000000,4756.615,4797.855,4734.695,4792.515,11.6055
1775750400000,4792.738,4801.015,4766.675,4768.665,7.3284
1775764800000,4768.855,4779.285,4756.695,4763.435,1.816
1775779200000,4763.485,4777.035,4737.715,4766.355,5.3536
1775793600000,4766.325,4770.525,4741.045,4749.355,3.9192
1775808000000,4749.385,4768.445,4730.205,4767.965,4.9562
1775822400000,4768.115,4794.765,4755.245,4761.898,11.3674
1775836800000,4761.875,4772.765,4747.105,4759.585,6.968
1775851200000,4759.655,4759.785,4740.598,4746.935,1.5717
1776024000000,4634.998,4690.685,4634.998,4671.155,8.3027
1776038400000,4671.175,4728.035,4664.325,4717.695,5.3622
1776052800000,4717.675,4739.815,4708.335,4733.435,4.6924
1776067200000,4733.465,4738.495,4703.165,4706.875,4.3559
1776081600000,4706.745,4744.315,4700.025,4714.225,9.9809
1776096000000,4714.195,4749.725,4708.975,4740.968,7.8406
1776110400000,4740.938,4765.668,4737.915,4757.365,3.037
1776124800000,4757.405,4777.075,4751.285,4767.545,5.2613
1776139200000,4767.915,4796.185,4757.638,4777.025,5.0938
1776153600000,4776.975,4789.825,4751.285,4774.578,4.7119
1776168000000,4774.755,4817.598,4761.905,4807.795,10.9582
1776182400000,4807.865,4846.098,4804.735,4844.735,7.9739
1776196800000,4844.725,4850.445,4832.928,4836.935,2.6214
1776211200000,4836.965,4871.165,4816.548,4823.825,6.2718
1776225600000,4823.745,4830.325,4803.715,4810.955,4.668
1776240000000,4810.755,4821.298,4785.885,4812.475,5.6185
1776254400000,4812.495,4830.435,4786.805,4801.445,8.1668
1776268800000,4801.435,4812.295,4790.105,4795.605,6.0972
1776283200000,4795.635,4826.425,4787.135,4823.205,2.0153
1776297600000,4822.995,4837.455,4811.048,4823.835,4.5219
1776312000000,4823.735,4838.335,4814.105,4820.715,5.0733
1776326400000,4820.805,4822.395,4804.855,4822.015,4.5545
1776340800000,4822.015,4823.575,4772.898,4806.835,9.3996
1776355200000,4806.955,4810.098,4781.215,4793.445,6.8193
1776369600000,4793.118,4797.675,4786.135,4791.505,1.6873
1776384000000,4791.475,4800.985,4768,4792.948,4.4983
1776398400000,4792.808,4805.935,4778.598,4784.295,4.0358
1776412800000,4784.255,4811.555,4780.695,4798.935,3.6182
1776427200000,4799.005,4889.335,4797.418,4867.145,12.8631
1776441600000,4867.078,4873.098,4852.485,4854.098,7.7232
1776456000000,4854.135,4854.955,4825.925,4829.115,1.9951
1776628800000,4767.405,4794.635,4736.635,4754.945,4.1872
1776643200000,4754.995,4814.035,4744.295,4790.645,6.2629
1776657600000,4790.975,4805.605,4779.285,4789.465,5.1595
1776672000000,4789.445,4810.775,4783.235,4810.395,4.436
1776686400000,4810.325,4827.348,4792.045,4799.495,10.258
1776700800000,4799.515,4821.058,4792.725,4814.135,6.5782
1776715200000,4813.978,4832.845,4811.975,4821.485,2.1345
1776729600000,4821.795,4830.565,4792.345,4796.945,4.8775
1776744000000,4797.155,4797.675,4772.395,4785.548,6.3495
1776758400000,4785.495,4797.935,4774.318,4794.415,4.7206
1776772800000,4794.595,4796.895,4723.36,4741.425,11.5202
1776787200000,4741.385,4746.86,4668.275,4678.875,15.3446
1776801600000,4678.875,4740.345,4668.685,4737.795,4.2766
1776816000000,4737.765,4764.795,4735.565,4757.965,5.2173
1776830400000,4757.935,4772.165,4751.868,4760.245,4.5463
1776844800000,4760.315,4762.285,4745.585,4750.115,4.4817
1776859200000,4750.155,4760.825,4724.815,4727.415,10.7656
1776873600000,4727.395,4749.565,4723.685,4739.985,7.894
1776888000000,4740.025,4746.245,4723.008,4727.525,1.9109
1776902400000,4727.505,4753.585,4693.638,4703.705,8.9806
1776916800000,4703.705,4721.035,4692.078,4719.045,6.8206
1776931200000,4718.965,4724.695,4684.095,4720.515,8.4097
1776945600000,4720.585,4742.985,4715.975,4720.275,13.5756
1776960000000,4720.345,4736.985,4664.045,4695.915,14.3401
1776974400000,4695.945,4702.195,4686.415,4695.025,2.5078
1776988800000,4695.025,4710.935,4668.305,4671.975,7.3402
1777003200000,4671.665,4694.995,4657.485,4694.285,6.4285
1777017600000,4694.245,4717.195,4674.455,4706.685,8.6048
1777032000000,4706.705,4739.995,4689.545,4726.935,14.9245
1777046400000,4726.935,4730.065,4713.515,4716.265,9.214
1777060800000,4716.115,4717.245,4705.085,4707.865,1.5963
1777233600000,4697.248,4703.995,4674.655,4679.825,2.5662
1777248000000,4679.715,4729.315,4672.025,4723.925,6.0263
1777262400000,4723.945,4729.875,4708.425,4713.235,4.9707
1777276800000,4713.285,4714.575,4699.155,4704.785,4.9741
1777291200000,4704.825,4712.475,4667.055,4669.805,13.2271
1777305600000,4669.805,4685.935,4667.055,4680.695,7.5024
1777320000000,4680.665,4694.895,4677.175,4691.705,1.4713
1777334400000,4691.855,4701.015,4666.065,4670.765,5.3205
1777348800000,4670.715,4670.995,4620.355,4633.035,7.4934
1777363200000,4632.925,4635.285,4555.385,4562.375,9.849
1777377600000,4562.535,4599.965,4554.675,4586.215,17.3047
1777392000000,4586.215,4601.245,4577.655,4595.385,10.0018
1777406400000,4595.425,4599.515,4587.745,4595.365,1.7538
1777420800000,4595.385,4610.195,4575.825,4595.195,7.0284
1777435200000,4595.365,4607.655,4567.125,4567.645,6.5241
1777449600000,4568.176,4580.555,4551.445,4561.455,9.121
1777464000000,4561.495,4568.845,4509.875,4547.445,14.3046
1777478400000,4547.495,4564.715,4518.145,4546.745,13.8216
1777492800000,4546.675,4561.715,4539.075,4561.345,3.9506
1777507200000,4561.325,4582.178,4555.458,4555.855,7.3445
1777521600000,4555.835,4605.465,4540.545,4598.295,8.5725
1777536000000,4598.325,4646.705,4597.155,4630.015,12.0519
1777550400000,4630.105,4645.845,4609.255,4615.045,15.2487
1777564800000,4615.075,4627.275,4605.158,4616.925,9.5175
1777579200000,4617.045,4635.085,4615.215,4626.395,2.5042
1777593600000,4626.305,4635.695,4613.735,4626.415,3.7825
1777608000000,4626.435,4628.438,4575.555,4577.885,4.4912
1777622400000,4577.838,4582.225,4560.045,4578.525,5.1244
1777636800000,4578.465,4660.065,4574.765,4643.055,13.7326
1777651200000,4642.985,4649.795,4608.625,4610.615,9.1997
1777665600000,4610.735,4616.635,4606.805,4613.558,1.0784
1777838400000,4632.938,4637.355,4611.105,4613.605,1.9426
1777852800000,4613.578,4618.365,4590.795,4614.835,5.3746
1777867200000,4614.795,4615.275,4577.755,4578.835,5.7682
1777881600000,4578.775,4584.375,4525.855,4560.215,8.86
1777896000000,4560.165,4583.005,4512.055,4521.455,14.7661
1777910400000,4521.375,4531.315,4500.665,4517.585,11.9801
1777924800000,4517.595,4524.535,4511.605,4518.815,1.7381
1777939200000,4518.825,4546.565,4513.265,4534.385,4.2515
1777953600000,4534.395,4558.055,4527.725,4545.285,5.6406
1777968000000,4545.375,4564.845,4539.815,4562.755,7.1101
1777982400000,4562.485,4586.415,4554.115,4568.325,11.7458
1777996800000,4568.305,4568.875,4551.385,4554.485,6.6603
1778011200000,4555.005,4595.425,4545.975,4593.775,3.4935
1778025600000,4593.735,4651.755,4588.015,4643.455,6.8691
1778040000000,4643.475,4681.715,4643.225,4681.495,6.1586
1778054400000,4681.165,4722.825,4671.435,4691.748,10.6688
1778068800000,4691.995,4717.205,4660.195,4687.625,15.2346
1778083200000,4687.455,4700.025,4678.845,4692.245,9.6779
1778097600000,4692.215,4699.625,4685.005,4698.745,2.1428
1778112000000,4698.695,4721.225,4684.965,4698.835,7.1439
1778126400000,4698.865,4750.375,4692.095,4743.125,7.8655
1778140800000,4743.125,4753.275,4721.665,4742.605,9.7172
1778155200000,4742.785,4764.595,4726.255,4729.045,15.9085
1778169600000,4729.165,4729.595,4687.565,4702.745,16.4962
1778184000000,4702.705,4718.915,4675.648,4704.145,3.6451
1778198400000,4704.085,4732.615,4693.835,4719.455,6.5745
1778212800000,4719.435,4734.355,4696.735,4707.595,7.4453
1778227200000,4707.645,4727.748,4706.405,4717.585,7.7515
1778241600000,4717.615,4749.245,4701.708,4706.985,14.6983
1778256000000,4707.015,4728.825,4705.315,4723.765,7.5364
1778270400000,4723.775,4724.125,4711.415,4712.655,1.0339
1778443200000,4681.255,4700.195,4678.165,4691.465,2.6085
1778457600000,4691.395,4705.245,4670.125,4678.465,8.3044
1778472000000,4678.495,4680.655,4647.825,4667.595,7.09
1778486400000,4667.635,4678.575,4650.335,4674.305,7.2701
1778500800000,4674.695,4748.485,4667.295,4731.945,13.9577
1778515200000,4732.155,4736.058,4707.715,4733.315,7.1472
1778529600000,4733.325,4769.405,4729.735,4767.215,2.325
1778544000000,4767.215,4773.335,4717.885,4719.935,7.8895
1778558400000,4719.905,4730.135,4686.935,4699.615,7.6859
1778572800000,4699.695,4708.985,4684.935,4706.395,8.2976
1778587200000,4706.495,4711.455,4638.225,4666.025,16.4904
1778601600000,4665.995,4715.518,4664.045,4715.435,10.1785
1778616000000,4715.355,4723.755,4701.436,4716.695,3.5508
1778630400000,4716.905,4726.618,4687.198,4695.755,7.9528
1778644800000,4695.765,4715.155,4693.275,4702.565,6.8411
1778659200000,4702.495,4710.295,4685.755,4697.265,7.202
1778673600000,4696.995,4701.285,4669.415,4695.365,13.6674
1778688000000,4695.365,4709.635,4677.425,4688.025,8.3918
1778702400000,4687.965,4701.855,4685.835,4696.415,1.7721
1778716800000,4696.395,4706.865,4673.665,4674.645,9.382
1778731200000,4674.695,4718.568,4668.165,4692.995,8.8665
1778745600000,4692.935,4706.445,4688.335,4694.165,7.2672
1778760000000,4693.518,4709.748,4665.975,4685.585,16.8055
1778774400000,4685.438,4686.638,4652.675,4653.818,9.916
1778788800000,4653.838,4665.145,4643.965,4651.975,3.8412
1778803200000,4651.935,4658.125,4607.025,4615.245,12.1314
1778817600000,4615.295,4621.465,4556.245,4570.685,11.461
1778832000000,4570.575,4572.485,4531.705,4551.855,12.5733
1778846400000,4551.885,4566.495,4511.215,4539.755,17.3123
1778860800000,4539.765,4564.325,4529.255,4545.585,10.6253
1778875200000,4545.665,4546.155,4532.915,4538.898,1.2309
1779048000000,4531.698,4554.575,4526.498,4536.795,3.2056
1779062400000,4536.825,4547.855,4480.065,4540.985,12.9388
1779076800000,4540.935,4559.575,4529.425,4546.175,10.571
1779091200000,4546.175,4566.858,4529.815,4550.455,9.4633
1779105600000,4550.665,4584.015,4531.575,4543.385,17.1463
1779120000000,4543.405,4564.735,4533.825,4558.305,11.4725
1779134400000,4558.825,4588.825,4557.655,4581.615,2.5545
1779148800000,4582.005,4589.295,4543.325,4544.985,7.9301
1779163200000,4545.005,4559.115,4530.745,4556.975,8.2121
1779177600000,4557.285,4559.055,4525.225,4530.535,8.6965
1779192000000,4530.405,4547.025,4464.615,4508.275,16.4749
1779206400000,4508.275,4512.375,4481.105,4483.275,9.3484
1779220800000,4483.255,4496.095,4476.985,4489.055,2.3382
1779235200000,4489.075,4508.745,4453.145,4463.355,11.944
1779249600000,4463.365,4485.765,4456.345,4478.405,9.8702
1779264000000,4478.375,4500.895,4472.475,4498.975,8.5121
1779278400000,4498.925,4552.585,4466.868,4528.978,15.8791
1779292800000,4528.978,4549.998,4523.935,4545.535,7.2432
1779307200000,4545.475,4550.315,4534.265,4546.198,3.2978
1779321600000,4546.198,4570.725,4527.045,4527.985,8.1771
1779336000000,4527.985,4540.405,4511.818,4519.418,7.0171
1779350400000,4519.425,4542.625,4504.695,4513.905,11.4483
1779364800000,4513.905,4520.995,4488.335,4511.705,17.1978
1779379200000,4511.735,4559.005,4511.735,4542.925,13.8355
1779393600000,4542.905,4545.755,4532.115,4535.205,1.9052
1779408000000,4535.305,4540.925,4518.195,4529.255,7.0493
1779422400000,4529.365,4534.065,4506.978,4521.678,7.7377
1779436800000,4522.115,4536.605,4509.995,4520.485,8.0997
1779451200000,4520.335,4535.935,4491.605,4519.895,14.003
1779465600000,4519.785,4527.698,4504.208,4508.018,8.6798
1779480000000,4508.035,4510.345,4503.698,4508.395,0.7575
1779652800000,4535.098,4579.995,4532.885,4566.735,4.8722
1779667200000,4566.765,4579.285,4556.4,4559.518,6.8381
1779681600000,4559.518,4566.055,4550.315,4564.525,4.6654
1779696000000,4564.535,4576.865,4553.205,4569.215,3.2583
1779710400000,4569.188,4574.638,4552.738,4570.715,4.7754
1779724800000,4570.725,4577.845,4563.055,4569.675,1.2574
1779739200000,4568.898,4580.225,4554.835,4559.425,1.7675
1779753600000,4559.555,4559.895,4527.395,4542.245,7.8897
1779768000000,4542.245,4543.095,4521.485,4538.095,7.5915
1779782400000,4538.095,4540.375,4503.495,4507.095,8.8539
1779796800000,4507.035,4531.155,4500.475,4506.225,12.3387
1779811200000,4506.275,4511.138,4482.365,4508.735,6.7612
1779825600000,4508.695,4537.698,4492.498,4519.335,2.8776
1779840000000,4519.228,4525.645,4496.355,4496.785,5.7114
1779854400000,4496.815,4517.005,4475.605,4481.825,8.9145
1779868800000,4481.885,4498.645,4424.755,4428.485,8.3422
1779883200000,4428.455,4466.315,4401.325,4436.405,15.4912
1779897600000,4436.335,4458.135,4434.005,4450.675,6.2126
1779912000000,4450.655,4465.495,4443.535,4446.975,1.9718
1779926400000,4446.955,4458.355,4368.115,4374.515,11.0601
1779940800000,4374.495,4395.955,4366.048,4387.255,8.5994
1779955200000,4387.238,4403.765,4374.678,4387.745,5.236
1779969600000,4387.855,4484.995,4379.375,4481.938,13.0246
1779984000000,4482.005,4516.318,4477.255,4497.788,9.4088
1779998400000,4497.588,4500.398,4488.685,4494.735,2.7299
1780012800000,4494.795,4520.445,4491.695,4501.085,7.0386
1780027200000,4501.065,4526.235,4500.885,4524.565,5.5643
1780041600000,4524.525,4543.025,4509.675,4538.225,5.779
1780056000000,4538.375,4594.665,4512.515,4570.745,10.7341
1780070400000,4570.765,4573.095,4542.265,4544.095,3.8579
1780084800000,4544.865,4548.645,4536.775,4537.498,0.4859
1780257600000,4519.755,4545.485,4517.555,4539.335,2.5445
1780272000000,4539.295,4545.695,4509.615,4516.145,6.2262
1780286400000,4516.105,4525.055,4492.195,4502.935,5.6819
1780300800000,4502.915,4512.785,4488.965,4505.635,4.8533
1780315200000,4505.635,4510.325,4447.515,4474.045,10.9321
1780329600000,4473.925,4495.385,4462.755,4480.955,6.2584
1780344000000,4480.965,4488.065,4479.065,4484.265,1.7252
1780358400000,4484.455,4499.335,4462.658,4499.115,7.1573
1780372800000,4499.115,4541.385,4497.635,4534.835,5.7972
1780387200000,4534.808,4538.898,4521.075,4527.425,4.3106
1780401600000,4527.735,4534.035,4490.105,4501.865,8.7183
1780416000000,4502.075,4502.825,4478.535,4487.885,5.4857
1780430400000,4487.885,4492.855,4461.905,4474.125,2.8579
1780444800000,4474.095,4496.515,4462.978,4484.215,6.2597
1780459200000,4484.205,4488.035,4452.595,4453.165,5.7209
1780473600000,4453.275,4467.905,4438.735,4462.125,5.8972
1780488000000,4462.265,4466.965,4426.195,4441.975,9.9485
1780502400000,4441.925,4451.995,4433.545,4443.655,8.6629
1780516800000,4443.638,4464.475,4423.685,4457.105,3.9148
1780531200000,4457.215,4476.895,4442.945,4463.575,9.798
1780545600000,4463.575,4483.845,4459.375,4461.555,6.0461
1780560000000,4461.475,4514.535,4458.415,4511.185,7.0256
1780574400000,4511.185,4515.175,4457.045,4477.235,11.3322
1780588800000,4477.205,4485.005,4472.605,4480.715,5.494
1780603200000,4480.715,4481.515,4460.325,4461.375,2.8741
1780617600000,4461.405,4469.745,4434.975,4442.185,8.9508
1780632000000,4442.205,4467.195,4428.335,4460.735,7.292
1780646400000,4460.685,4475.085,4458.175,4469.995,5.74
1780660800000,4470.035,4475.645,4333.735,4335.195,14.9845
1780675200000,4335.185,4347.145,4313.635,4318.505,13.5483
1780689600000,4318.275,4330.585,4311.498,4326.705,1.9756
1780862400000,4326.898,4346.925,4309.688,4343.755,3.9647
1780876800000,4343.835,4353.085,4299.798,4316.775,10.7147
1780891200000,4316.965,4321.565,4268.125,4294.345,9.3357
1780905600000,4294.285,4333.145,4272.645,4331.145,8.2887
1780920000000,4330.948,4346.615,4314.805,4341.565,12.8642
1780934400000,4341.585,4346.205,4323.078,4326.475,9.44
1780948800000,4326.455,4332.375,4312.595,4317.615,2.1258
1780963200000,4317.575,4342.065,4314.748,4336.425,7.9608
1780977600000,4335.945,4351.075,4322.055,4326.415,6.6613
1780992000000,4326.485,4343.705,4320.875,4339.665,5.3969
1781006400000,4339.685,4363.205,4262.865,4272.015,14.8546
1781020800000,4272.035,4280.855,4236.245,4258.378,22.2471
1781035200000,4258.625,4261.945,4210.115,4221.805,4.4445
1781049600000,4221.805,4228.105,4172.548,4184.625,10.3265
1781064000000,4184.625,4221.558,4172.135,4185.885,8.2537
1781078400000,4185.865,4187.235,4145.665,4147.505,10.2799
1781092800000,4147.535,4186.125,4106.595,4128.715,15.6652
1781107200000,4128.675,4135.115,4081.405,4082.505,12.7422
1781121600000,4082.405,4082.945,4023.585,4046.855,5.5377
1781136000000,4047.105,4117.895,4035.848,4072.485,12.7712
1781150400000,4072.535,4110.405,4069.725,4104.775,9.0983
1781164800000,4104.805,4112.485,4077.295,4080.135,6.9131
1781179200000,4079.975,4095.305,4052.465,4088.585,15.4994
1781193600000,4088.715,4219.845,4071.445,4208.458,14.3549
1781208000000,4208.508,4246.415,4204.995,4219.625,6.8421
1781222400000,4219.558,4230.205,4171.188,4196.885,9.1179
1781236800000,4196.935,4200.815,4169.955,4194.295,7.5178
1781251200000,4194.315,4227.725,4191.745,4206.725,7.2833
1781265600000,4206.845,4235.298,4176.945,4211.675,12.6596
1781280000000,4211.685,4235.148,4201.535,4210.425,11.019
1781294400000,4210.435,4218.998,4209.285,4217.765,0.9085
1781467200000,4273.098,4308.255,4259.585,4293.865,3.3664
1781481600000,4293.835,4335.425,4285.185,4324.625,6.496
1781496000000,4324.675,4332.655,4300.645,4323.195,5.0226
1781510400000,4323.105,4347.345,4321.675,4335.095,5.3028
1781524800000,4335.095,4369.485,4324.515,4356.115,9.4666
1781539200000,4356.175,4358.545,4316.365,4320.525,7.3881
1781553600000,4320.545,4321.855,4305.755,4315.395,1.6505
1781568000000,4315.375,4332.845,4306.665,4330.275,4.6262
1781582400000,4330.205,4335.465,4313.105,4334.945,5.5643
1781596800000,4334.945,4349.355,4332.575,4340.755,5.1542
1781611200000,4340.705,4354.905,4313.005,4335.035,10.3144
1781625600000,4335.035,4346.795,4325.105,4334.105,8.6584
1781640000000,4334.105,4338.245,4328.745,4330.735,1.4565
1781654400000,4330.765,4349.415,4328.435,4332.055,5.114
1781668800000,4331.935,4334.105,4317.415,4325.045,4.5982
1781683200000,4325.075,4335.445,4316.965,4322.975,4.9495
1781697600000,4322.985,4364.665,4319.665,4363.465,9.4558
1781712000000,4363.445,4382.125,4218.805,4235.585,12.9585
1781726400000,4235.515,4283.795,4234.775,4277.665,4.4633
1781740800000,4277.685,4329.865,4276.225,4319.515,7.6365
1781755200000,4319.415,4324.855,4287.225,4288.475,6.4488
1781769600000,4288.535,4292.655,4239.648,4241.875,7.952
1781784000000,4241.875,4276.515,4222.855,4226.428,11.8068
1781798400000,4226.428,4233.295,4201.145,4216.505,9.1863
1781812800000,4216.725,4219.335,4186.745,4188.115,2.7355
1781827200000,4187.998,4197.945,4145.345,4153.555,6.0706
1781841600000,4153.265,4162.895,4121.438,4157.765,7.1668
1781856000000,4157.785,4178.345,4141.695,4152.385,5.2489
1781870400000,4152.395,4182.825,4142.455,4150.855,6.0547
1781884800000,4150.845,4157.625,4144.078,4154.335,0.7303
1782072000000,4139.698,4164.525,4136.125,4139.985,3.1051
1782086400000,4140.015,4220.778,4139.755,4171.265,9.2272
1782100800000,4171.305,4207.205,4170.375,4190.195,6.6004
1782115200000,4190.195,4215.005,4188.405,4207.225,4.6847
1782129600000,4207.285,4211.605,4169.485,4182.695,10.3114
1782144000000,4182.755,4193.198,4174.195,4190.355,9.1079
1782158400000,4190.485,4195.095,4186.505,4187.475,1.5663
1782172800000,4187.315,4198.435,4130.488,4143.925,8.5238
1782187200000,4144.225,4146.795,4096.375,4098.455,8.9076
1782201600000,4098.565,4133.055,4090.545,4122.965,7.4846
1782216000000,4123.015,4144.795,4105.138,4138.535,13.6518
1782230400000,4138.515,4143.565,4111.395,4111.435,9.9638
1782244800000,4111.565,4114.835,4080.495,4099.035,4.1291
1782259200000,4098.955,4111.965,4050.185,4062.455,11.5084
1782273600000,4062.525,4097.335,4054.815,4074.715,6.5845
1782288000000,4074.665,4087.445,4037.305,4046.495,6.0134
1782302400000,4046.515,4048.665,3964.305,4002.335,16.0299
1782316800000,4002.405,4022.065,3958.695,3987.755,11.4918
1782331200000,3987.698,4018.385,3984.485,4012.205,3.4788
1782345600000,4012.185,4016.255,3961.755,3995.215,12.6388
1782360000000,3995.155,3999.735,3971.285,3987.765,8.0937
1782374400000,3987.655,4001.945,3973.505,3979.895,4.8494
1782388800000,3979.905,4042.388,3978.805,4040.778,15.5979
1782403200000,4041.045,4043.918,4021.645,4026.525,10.7008
1782417600000,4026.425,4036.225,4012.375,4014.255,3.1811
1782432000000,4014.205,4029.335,3982.635,4004.065,9.2027
1782446400000,4004.145,4039.795,3998.485,4030.465,7.8649
1782460800000,4030.365,4055.488,4025.715,4045.665,6.4973
1782475200000,4045.835,4095.795,4035.408,4090.205,13.6507
1782489600000,4090.225,4093.148,4064.285,4071.415,8.4021
1782504000000,4071.435,4089.798,4064.228,4087.915,4.3096
1782676800000,4086.298,4086.298,4051.585,4062.585,3.2219
1782691200000,4062.555,4075.515,4048.055,4068.645,9.8396
1782705600000,4068.615,4068.765,4039.015,4061.495,7.1981
1782720000000,4061.238,4066.555,4024.168,4039.095,5.8207
1782734400000,4039.285,4052.385,3999.918,4026.755,12.0829
1782748800000,4026.895,4031.848,4005.155,4015.595,8.0017
1782763200000,4015.575,4022.145,4009.298,4014.645,2.1044
1782777600000,4014.605,4014.945,3941.528,3969.455,10.3816
1782792000000,3969.495,4034.465,3967.955,4031.828,8.3447
1782806400000,4031.828,4037.278,4012.085,4033.825,7.151
1782820800000,4033.775,4063.205,4008.385,4028.985,10.1188
1782835200000,4028.965,4033.595,4014.365,4015.745,5.6736
1782849600000,4015.725,4020.775,4004.915,4005.485,1.6712
1782864000000,4005.755,4009.475,3969.935,3980.285,7.4983
1782878400000,3980.635,3982.465,3959.905,3975.765,5.7195
1782892800000,3975.735,4035.215,3969.035,4030.005,5.4919
1782907200000,4030.165,4115.485,4012.545,4080.805,11.1889
1782921600000,4080.735,4088.115,4034.145,4038.525,6.4353
1782936000000,4038.365,4044.225,4028.195,4035.005,1.8122
1782950400000,4034.975,4073.965,4030.525,4069.765,8.0814
1782964800000,4069.725,4079.605,4052.945,4064.355,6.7563
1782979200000,4064.025,4079.695,4057.225,4064.935,5.4076
1782993600000,4064.985,4143.715,4061.015,4128.255,13.8938
1783008000000,4128.285,4130.085,4100.005,4121.095,9.1733
1783022400000,4121.015,4131.905,4116.135,4125.955,1.6335
1783036800000,4125.775,4195.365,4122.625,4175.735,7.8932
1783051200000,4175.735,4182.535,4160.225,4177.385,5.5208
1783065600000,4177.185,4186.525,4168.265,4180.895,4.2579
1783080000000,4181.015,4183.075,4155.085,4164.545,4.9454
1783094400000,4164.565,4176.055,4162.535,4175.245,0.6748
